Sample #,Start time,Thread name,Label,Sample time (ms),Status,Bytes,Sent bytes,Latency,Connect time(ms)
1,14:06.4,Thread Group 1-1,GET,1059,Success,12501,142,1059,287
2,14:07.4,Thread Group 1-2,GET,1058,Success,12501,142,1058,107
3,14:07.5,Thread Group 1-1,POST save,1014,Success,12694,437,119,0
4,14:08.4,Thread Group 1-3,GET,959,Success,12501,142,958,99
5,14:08.5,Thread Group 1-2,POST save,897,Success,12694,437,121,0
6,14:08.5,Thread Group 1-1,POST send,1704,Success,12694,372,892,72
7,14:09.4,Thread Group 1-4,GET,781,Success,12501,142,780,76
8,14:09.4,Thread Group 1-3,POST save,821,Success,12694,437,115,0
9,14:10.2,Thread Group 1-4,POST save,925,Success,12694,437,256,0
10,14:10.4,Thread Group 1-5,GET,755,Success,12501,142,755,82
11,14:10.2,Thread Group 1-1,DELETE URL,1079,Success,12694,376,341,0
12,14:11.3,Thread Group 1-1,GET,676,Success,12501,142,675,0
13,14:11.2,Thread Group 1-5,POST save,792,Success,12694,437,114,0
14,14:11.4,Thread Group 1-6,GET,746,Success,12501,142,746,72
15,14:11.1,Thread Group 1-4,POST send,1507,Success,12694,372,754,0
16,14:09.4,Thread Group 1-2,POST send,3362,Success,12694,372,2632,0
17,14:12.0,Thread Group 1-1,POST save,855,Success,12694,437,147,0
18,14:10.2,Thread Group 1-3,POST send,2626,Success,12694,372,1903,0
19,14:12.2,Thread Group 1-6,POST save,786,Success,12694,437,109,0
20,14:12.4,Thread Group 1-7,GET,734,Success,12501,142,734,79
21,14:12.0,Thread Group 1-5,POST send,1471,Success,12694,372,727,0
22,14:12.7,Thread Group 1-4,DELETE URL,969,Success,12694,376,313,0
23,14:12.8,Thread Group 1-2,DELETE URL,931,Success,12694,376,260,0
24,14:12.8,Thread Group 1-3,DELETE URL,933,Success,12694,376,253,0
25,14:13.2,Thread Group 1-7,POST save,792,Success,12694,437,118,0
26,14:13.4,Thread Group 1-8,GET,804,Success,12501,142,804,69
27,14:13.6,Thread Group 1-4,GET,653,Success,12501,142,653,0
28,14:13.7,Thread Group 1-2,GET,659,Success,12501,142,659,0
29,14:12.8,Thread Group 1-1,POST send,1538,Success,12694,372,865,91
30,14:13.5,Thread Group 1-5,DELETE URL,929,Success,12694,376,257,0
31,14:13.8,Thread Group 1-3,GET,688,Success,12501,142,687,0
32,14:14.4,Thread Group 1-5,GET,650,Success,12501,142,650,0
33,14:14.2,Thread Group 1-8,POST save,826,Success,12694,437,141,0
34,14:14.3,Thread Group 1-4,POST save,863,Success,12694,437,209,80
35,14:14.4,Thread Group 1-9,GET,748,Success,12501,142,748,71
36,14:14.4,Thread Group 1-2,POST save,866,Success,12694,437,198,78
37,14:14.4,Thread Group 1-1,DELETE URL,939,Success,12694,376,263,0
38,14:14.5,Thread Group 1-3,POST save,882,Success,12694,437,208,75
39,14:14.0,Thread Group 1-7,POST send,1484,Success,12694,372,757,0
40,14:15.0,Thread Group 1-5,POST save,861,Success,12694,437,198,75
41,14:15.2,Thread Group 1-9,POST save,801,Success,12694,437,125,0
42,14:15.3,Thread Group 1-1,GET,778,Success,12501,142,778,80
43,14:15.4,Thread Group 1-10,GET,769,Success,12501,142,768,74
44,14:13.0,Thread Group 1-6,POST send,3420,Success,12694,372,2655,0
45,14:15.4,Thread Group 1-7,DELETE URL,953,Success,12694,376,280,0
46,14:15.1,Thread Group 1-4,POST send,1389,Success,12694,372,717,0
47,14:15.1,Thread Group 1-8,POST send,1496,Success,12694,372,738,0
48,14:16.1,Thread Group 1-1,POST save,802,Success,12694,437,128,0
49,14:16.2,Thread Group 1-10,POST save,794,Success,12694,437,128,0
50,14:16.4,Thread Group 1-7,GET,717,Success,12501,142,717,0
51,14:16.4,Thread Group 1-11,GET,766,Success,12501,142,766,68
52,14:15.9,Thread Group 1-5,POST send,1397,Success,12694,372,733,0
53,14:16.4,Thread Group 1-6,DELETE URL,1000,Success,12694,376,255,0
54,14:16.0,Thread Group 1-9,POST send,1523,Success,12694,372,734,0
55,14:16.6,Thread Group 1-8,DELETE URL,975,Success,12694,376,250,0
56,14:16.5,Thread Group 1-4,DELETE URL,1015,Success,12694,376,318,74
57,14:15.2,Thread Group 1-2,POST send,2534,Success,12694,372,1603,0
58,14:15.4,Thread Group 1-3,POST send,2598,Success,12694,372,1818,0
59,14:17.1,Thread Group 1-7,POST save,963,Success,12694,437,198,76
60,14:17.2,Thread Group 1-11,POST save,901,Success,12694,437,116,0
61,14:17.4,Thread Group 1-6,GET,730,Success,12501,142,730,0
62,14:17.4,Thread Group 1-12,GET,760,Success,12501,142,759,99
63,14:17.5,Thread Group 1-4,GET,737,Success,12501,142,737,0
64,14:17.5,Thread Group 1-8,GET,755,Success,12501,142,755,0
65,14:17.3,Thread Group 1-5,DELETE URL,1034,Success,12694,376,345,83
66,14:17.8,Thread Group 1-2,DELETE URL,1946,Success,12694,376,281,0
67,14:18.1,Thread Group 1-7,POST send,2418,Success,12694,372,1640,0
68,14:20.4,Thread Group 1-15,GET,950,Success,12501,142,950,102
69,14:20.5,Thread Group 1-7,DELETE URL,938,Success,12694,376,248,0
70,14:21.4,Thread Group 1-7,GET,747,Success,12501,142,747,0
71,14:21.4,Thread Group 1-16,GET,865,Success,12501,142,864,72
72,14:21.4,Thread Group 1-15,POST save,937,Success,12694,437,127,0
73,14:17.0,Thread Group 1-10,POST send,5710,Success,12694,372,813,0
74,14:19.7,Thread Group 1-2,GET,2998,Success,12501,142,2998,75
75,14:16.9,Thread Group 1-1,POST send,5845,Success,12694,372,830,0
76,14:18.1,Thread Group 1-6,POST save,4616,Success,12694,437,204,76
77,14:18.3,Thread Group 1-5,GET,4408,Success,12501,142,4408,0
78,14:18.0,Thread Group 1-3,DELETE URL,4795,Success,12694,376,256,0
79,14:18.3,Thread Group 1-4,POST save,4464,Success,12694,437,98,0
80,14:18.4,Thread Group 1-13,GET,4330,Success,12501,142,4330,66
81,14:19.4,Thread Group 1-14,GET,3329,Success,12501,142,3328,106
82,14:17.5,Thread Group 1-9,DELETE URL,5256,Success,12694,376,273,0
83,14:18.2,Thread Group 1-12,POST save,4574,Success,12694,437,116,0
84,14:18.3,Thread Group 1-8,POST save,4475,Success,12694,437,169,67
85,14:22.4,Thread Group 1-17,GET,760,Success,12501,142,760,70
86,14:22.2,Thread Group 1-7,POST save,1026,Success,12694,437,275,127
87,14:22.3,Thread Group 1-16,POST save,945,Success,12694,437,140,0
88,14:22.8,Thread Group 1-3,GET,871,Success,12501,142,871,75
89,14:22.8,Thread Group 1-9,GET,977,Success,12501,142,977,77
90,14:18.1,Thread Group 1-11,POST send,5733,Success,12694,372,4672,0
91,14:22.7,Thread Group 1-2,POST save,1182,Success,12694,437,190,77
92,14:23.7,Thread Group 1-9,POST save,885,Success,12694,437,113,0
93,14:22.8,Thread Group 1-8,POST send,1925,Success,12694,372,1132,89
94,14:22.8,Thread Group 1-12,POST send,1947,Success,12694,372,1138,82
95,14:23.8,Thread Group 1-11,DELETE URL,968,Success,12694,376,305,0
96,14:24.4,Thread Group 1-19,GET,794,Success,12501,142,794,113
97,14:22.8,Thread Group 1-13,POST save,2959,Success,12694,437,236,79
98,14:22.3,Thread Group 1-15,POST send,3410,Success,12694,372,798,0
99,14:22.7,Thread Group 1-6,POST send,3004,Success,12694,372,961,90
100,14:23.2,Thread Group 1-17,POST save,2554,Success,12694,437,114,0
101,14:22.8,Thread Group 1-1,DELETE URL,3015,Success,12694,376,502,86
102,14:23.4,Thread Group 1-18,GET,2347,Success,12501,142,2347,78
103,14:22.7,Thread Group 1-5,POST save,3035,Success,12694,437,239,82
104,14:22.8,Thread Group 1-14,POST save,3019,Success,12694,437,226,75
105,14:23.6,Thread Group 1-3,POST save,2167,Success,12694,437,123,0
106,14:24.8,Thread Group 1-11,GET,994,Success,12501,142,994,73
107,14:23.9,Thread Group 1-2,POST send,1909,Success,12694,372,878,0
108,14:22.7,Thread Group 1-10,DELETE URL,3101,Success,12694,376,407,78
109,14:22.8,Thread Group 1-4,POST send,3066,Success,12694,372,964,77
110,14:24.7,Thread Group 1-8,DELETE URL,1130,Success,12694,376,262,0
111,14:24.7,Thread Group 1-12,DELETE URL,1119,Success,12694,376,257,0
112,14:25.2,Thread Group 1-19,POST save,878,Success,12694,437,134,0
113,14:24.6,Thread Group 1-9,POST send,1491,Success,12694,372,721,0
114,14:25.4,Thread Group 1-20,GET,813,Success,12501,142,813,72
115,14:25.8,Thread Group 1-8,GET,1154,Success,12501,142,1153,0
116,14:25.8,Thread Group 1-12,GET,1175,Success,12501,142,1175,0
117,14:25.8,Thread Group 1-1,GET,1616,Success,12501,142,1615,80
118,14:25.8,Thread Group 1-10,GET,1590,Success,12501,142,1590,82
119,14:25.8,Thread Group 1-5,POST send,2396,Success,12694,372,1647,76
120,14:25.8,Thread Group 1-3,POST send,2405,Success,12694,372,1648,79
121,14:25.8,Thread Group 1-4,DELETE URL,2975,Success,12694,376,520,74
122,14:26.1,Thread Group 1-9,DELETE URL,2735,Success,12694,376,689,0
123,14:26.4,Thread Group 1-21,GET,2479,Success,12501,142,2479,66
124,14:26.2,Thread Group 1-20,POST save,2697,Success,12694,437,124,0
125,14:27.0,Thread Group 1-8,POST save,1971,Success,12694,437,386,77
126,14:25.7,Thread Group 1-13,POST send,3248,Success,12694,372,1418,94
127,14:25.8,Thread Group 1-11,POST save,3186,Success,12694,437,106,0
128,14:23.2,Thread Group 1-16,POST send,5748,Success,12694,372,3658,0
129,14:27.0,Thread Group 1-12,POST save,1999,Success,12694,437,364,73
130,14:25.8,Thread Group 1-18,POST save,3244,Success,12694,437,197,79
131,14:23.2,Thread Group 1-7,POST send,5946,Success,12694,372,2636,0
132,14:25.7,Thread Group 1-15,DELETE URL,3438,Success,12694,376,346,95
133,14:25.8,Thread Group 1-2,DELETE URL,3366,Success,12694,376,251,0
134,14:27.4,Thread Group 1-22,GET,1742,Success,12501,142,1742,75
135,14:25.7,Thread Group 1-17,POST send,3436,Success,12694,372,2373,85
136,14:25.7,Thread Group 1-6,DELETE URL,3444,Success,12694,376,456,89
137,14:27.4,Thread Group 1-10,POST save,1796,Success,12694,437,120,0
138,14:25.8,Thread Group 1-14,POST send,3419,Success,12694,372,2436,72
139,14:27.4,Thread Group 1-1,POST save,1860,Success,12694,437,122,0
140,14:28.2,Thread Group 1-5,DELETE URL,1210,Success,12694,376,325,73
141,14:28.4,Thread Group 1-23,GET,961,Success,12501,142,961,78
142,14:28.2,Thread Group 1-3,DELETE URL,1253,Success,12694,376,337,80
143,14:28.8,Thread Group 1-4,GET,871,Success,12501,142,871,168
144,14:28.9,Thread Group 1-9,GET,1230,Success,12501,142,1229,303
145,14:29.0,Thread Group 1-8,POST send,2244,Success,12694,372,782,0
146,14:30.1,Thread Group 1-9,POST save,1280,Success,12694,437,114,0
147,14:28.9,Thread Group 1-20,POST send,2432,Success,12694,372,1300,213
148,14:28.9,Thread Group 1-21,POST save,2858,Success,12694,437,388,242
149,14:29.4,Thread Group 1-5,GET,2389,Success,12501,142,2389,0
150,14:29.0,Thread Group 1-13,DELETE URL,2815,Success,12694,376,458,203
151,14:29.5,Thread Group 1-3,GET,2347,Success,12501,142,2347,0
152,14:29.0,Thread Group 1-16,DELETE URL,2813,Success,12694,376,472,177
153,14:29.4,Thread Group 1-23,POST save,2425,Success,12694,437,116,0
154,14:29.2,Thread Group 1-17,DELETE URL,2655,Success,12694,376,375,0
155,14:29.4,Thread Group 1-24,GET,2453,Success,12501,142,2453,83
156,14:29.0,Thread Group 1-11,POST send,2922,Success,12694,372,1308,186
157,14:29.7,Thread Group 1-4,POST save,2263,Success,12694,437,109,0
158,14:29.0,Thread Group 1-18,POST send,2909,Success,12694,372,1351,154
159,14:29.2,Thread Group 1-7,DELETE URL,2768,Success,12694,376,533,80
160,14:29.0,Thread Group 1-12,POST send,2997,Success,12694,372,1405,163
161,14:29.2,Thread Group 1-14,DELETE URL,2876,Success,12694,376,398,0
162,14:29.2,Thread Group 1-2,GET,2987,Success,12501,142,2987,84
163,14:29.2,Thread Group 1-15,GET,3080,Success,12501,142,3080,87
164,14:30.4,Thread Group 1-25,GET,1841,Success,12501,142,1841,70
165,14:26.1,Thread Group 1-19,POST send,6187,Success,12694,372,3091,0
166,14:29.2,Thread Group 1-6,GET,3122,Success,12501,142,3122,71
167,14:29.2,Thread Group 1-22,POST save,3145,Success,12694,437,119,0
168,14:31.2,Thread Group 1-8,DELETE URL,1188,Success,12694,376,253,0
169,14:31.4,Thread Group 1-26,GET,963,Success,12501,142,963,77
170,14:31.4,Thread Group 1-20,DELETE URL,1207,Success,12694,376,349,82
171,14:31.9,Thread Group 1-18,DELETE URL,2212,Success,12694,376,713,382
172,14:32.0,Thread Group 1-12,DELETE URL,2168,Success,12694,376,654,317
173,14:32.3,Thread Group 1-6,POST save,1878,Success,12694,437,362,231
174,14:31.8,Thread Group 1-21,POST send,2424,Success,12694,372,925,139
175,14:29.2,Thread Group 1-10,POST send,5613,Success,12694,372,3139,75
176,14:31.9,Thread Group 1-24,POST save,2953,Success,12694,437,660,362
177,14:31.8,Thread Group 1-5,POST save,3086,Success,12694,437,623,375
178,14:32.4,Thread Group 1-27,GET,2472,Success,12501,142,2472,142
179,14:31.9,Thread Group 1-11,DELETE URL,3032,Success,12694,376,675,357
180,14:32.4,Thread Group 1-8,GET,2574,Success,12501,142,2574,183
181,14:32.4,Thread Group 1-26,POST save,2578,Success,12694,437,187,0
182,14:32.6,Thread Group 1-20,GET,2396,Success,12501,142,2396,0
183,14:31.8,Thread Group 1-17,GET,3148,Success,12501,142,3148,408
184,14:32.2,Thread Group 1-2,POST save,2924,Success,12694,437,423,199
185,14:29.2,Thread Group 1-1,POST send,5900,Success,12694,372,3020,75
186,14:31.8,Thread Group 1-16,GET,3379,Success,12501,142,3379,438
187,14:31.8,Thread Group 1-13,GET,3421,Success,12501,142,3421,288
188,14:32.3,Thread Group 1-19,DELETE URL,2923,Success,12694,376,763,241
189,14:32.3,Thread Group 1-15,POST save,2963,Success,12694,437,331,129
190,14:31.9,Thread Group 1-7,GET,3291,Success,12501,142,3291,379
191,14:33.4,Thread Group 1-28,GET,1799,Success,12501,142,1799,68
192,14:34.1,Thread Group 1-18,GET,1095,Success,12501,142,1095,89
193,14:31.4,Thread Group 1-9,POST send,3875,Success,12694,372,1029,82
194,14:34.2,Thread Group 1-12,GET,1064,Success,12501,142,1064,89
195,14:32.3,Thread Group 1-25,POST save,2970,Success,12694,437,285,0
196,14:32.1,Thread Group 1-14,GET,3166,Success,12501,142,3166,267
197,14:31.8,Thread Group 1-3,POST save,3450,Success,12694,437,598,356
198,14:34.4,Thread Group 1-29,GET,920,Success,12501,142,920,67
199,14:34.2,Thread Group 1-21,DELETE URL,1170,Success,12694,376,328,79
200,14:35.2,Thread Group 1-7,POST save,2218,Success,12694,437,228,90
201,14:35.4,Thread Group 1-30,GET,2021,Success,12501,142,2021,82
202,14:34.9,Thread Group 1-27,POST save,2956,Success,12694,437,480,305
203,14:35.0,Thread Group 1-8,POST save,2905,Success,12694,437,420,250
204,14:35.2,Thread Group 1-12,POST save,2637,Success,12694,437,138,0
205,14:35.2,Thread Group 1-19,GET,2673,Success,12501,142,2673,85
206,14:35.2,Thread Group 1-16,POST save,2697,Success,12694,437,234,110
207,14:35.2,Thread Group 1-13,POST save,2692,Success,12694,437,208,92
208,14:35.2,Thread Group 1-14,POST save,2659,Success,12694,437,208,80
209,14:35.2,Thread Group 1-18,POST save,2671,Success,12694,437,143,0
210,14:35.0,Thread Group 1-20,POST save,2932,Success,12694,437,399,233
211,14:35.4,Thread Group 1-29,POST save,2566,Success,12694,437,101,0
212,14:35.2,Thread Group 1-28,POST save,2691,Success,12694,437,149,0
213,14:35.2,Thread Group 1-1,DELETE URL,2780,Success,12694,376,367,77
214,14:34.9,Thread Group 1-11,GET,2997,Success,12501,142,2997,271
215,14:35.2,Thread Group 1-9,DELETE URL,2701,Success,12694,376,518,76
216,14:31.8,Thread Group 1-23,POST send,6144,Success,12694,372,4191,431
217,14:34.8,Thread Group 1-10,DELETE URL,3156,Success,12694,376,701,391
218,14:36.4,Thread Group 1-31,GET,1550,Success,12501,142,1549,68
219,14:37.4,Thread Group 1-32,GET,961,Success,12501,142,961,168
220,14:37.5,Thread Group 1-30,POST save,1082,Success,12694,437,377,161
221,14:37.9,Thread Group 1-8,POST send,2446,Success,12694,372,1137,98
222,14:38.4,Thread Group 1-33,GET,1906,Success,12501,142,1905,87
223,14:35.1,Thread Group 1-2,POST send,5283,Success,12694,372,3882,131
224,14:39.4,Thread Group 1-34,GET,946,Success,12501,142,946,81
225,14:37.4,Thread Group 1-7,POST send,3789,Success,12694,372,1006,167
226,14:37.9,Thread Group 1-11,POST save,3300,Success,12694,437,246,80
227,14:31.9,Thread Group 1-4,POST send,9318,Success,12694,372,3322,383
228,14:32.3,Thread Group 1-22,POST send,8932,Success,12694,372,2926,218
229,14:38.4,Thread Group 1-32,POST save,2873,Success,12694,437,126,0
230,14:38.0,Thread Group 1-23,DELETE URL,3321,Success,12694,376,456,0
231,14:35.0,Thread Group 1-17,POST save,6301,Success,12694,437,387,225
232,14:37.9,Thread Group 1-19,POST save,3408,Success,12694,437,296,120
233,14:37.9,Thread Group 1-1,GET,3372,Success,12501,142,3372,79
234,14:35.4,Thread Group 1-21,GET,5941,Success,12501,142,5941,0
235,14:37.9,Thread Group 1-9,GET,3369,Success,12501,142,3369,81
236,14:38.0,Thread Group 1-10,GET,3346,Success,12501,142,3346,118
237,14:34.8,Thread Group 1-24,POST send,6595,Success,12694,372,3134,363
238,14:35.2,Thread Group 1-15,POST send,6238,Success,12694,372,2766,84
239,14:34.9,Thread Group 1-5,POST send,6598,Success,12694,372,3125,342
240,14:40.4,Thread Group 1-34,POST save,1099,Success,12694,437,100,0
241,14:35.0,Thread Group 1-26,POST send,8828,Success,12694,372,3007,237
242,14:40.3,Thread Group 1-33,POST save,3468,Success,12694,437,128,0
243,14:40.4,Thread Group 1-35,GET,3389,Success,12501,142,3389,70
244,14:40.4,Thread Group 1-2,DELETE URL,3450,Success,12694,376,246,0
245,14:40.3,Thread Group 1-8,DELETE URL,3509,Success,12694,376,346,79
246,14:34.2,Thread Group 1-6,POST send,9644,Success,12694,372,1064,0
247,14:38.0,Thread Group 1-31,POST save,5856,Success,12694,437,165,0
248,14:37.9,Thread Group 1-28,POST send,5920,Success,12694,372,3395,87
249,14:37.9,Thread Group 1-16,POST send,5960,Success,12694,372,3424,117
250,14:37.9,Thread Group 1-18,POST send,5943,Success,12694,372,3401,97
251,14:38.5,Thread Group 1-30,POST send,8180,Success,12694,372,2697,0
252,14:41.5,Thread Group 1-5,DELETE URL,5268,Success,12694,376,755,79
253,14:43.4,Thread Group 1-38,GET,3332,Success,12501,142,3332,83
254,14:42.4,Thread Group 1-37,GET,4334,Success,12501,142,4334,84
255,14:37.9,Thread Group 1-20,POST send,123759,Warning,601,372,3551,93
256,14:37.9,Thread Group 1-13,POST send,123780,Warning,601,372,3411,107
257,14:37.9,Thread Group 1-12,POST send,123804,Warning,601,372,3429,88
258,14:37.9,Thread Group 1-14,POST send,123780,Warning,601,372,3549,99
259,14:41.3,Thread Group 1-1,POST save,120389,Warning,601,437,274,143
260,14:35.2,Thread Group 1-25,POST send,126450,Warning,601,372,6071,81
261,14:41.3,Thread Group 1-23,GET,120408,Warning,408,142,120408,157
262,14:41.3,Thread Group 1-32,POST send,120427,Warning,408,230,120426,168
263,14:41.4,Thread Group 1-36,GET,120274,Warning,408,142,120274,66
264,14:41.3,Thread Group 1-9,POST save,120390,Warning,601,437,283,131
265,14:37.9,Thread Group 1-29,POST send,123787,Warning,601,372,3544,88
266,14:41.3,Thread Group 1-10,POST save,120389,Warning,601,437,280,131
267,14:41.5,Thread Group 1-34,POST send,120236,Warning,408,230,120236,87
268,14:41.3,Thread Group 1-21,POST save,120407,Warning,601,437,284,141
269,14:41.3,Thread Group 1-4,DELETE URL,120832,Warning,601,376,710,192
270,14:41.3,Thread Group 1-22,DELETE URL,120826,Warning,601,376,703,186
271,14:41.2,Thread Group 1-7,DELETE URL,120867,Warning,601,376,735,206
272,14:35.3,Thread Group 1-3,POST send,126854,Warning,601,372,6674,87
273,14:41.4,Thread Group 1-24,DELETE URL,120762,Warning,601,376,666,93
274,14:37.9,Thread Group 1-27,POST send,124429,Warning,601,372,4265,108
275,14:41.5,Thread Group 1-15,DELETE URL,120847,Warning,601,376,750,72
276,14:43.8,Thread Group 1-2,GET,120295,Warning,408,142,120295,90
277,14:43.8,Thread Group 1-8,GET,120293,Warning,408,142,120293,89
278,14:43.8,Thread Group 1-33,POST send,120320,Warning,408,230,120320,96
279,14:41.3,Thread Group 1-17,POST send,122831,Warning,601,372,2591,149
280,14:41.2,Thread Group 1-11,POST send,122885,Warning,601,372,2645,201
281,14:43.8,Thread Group 1-31,POST send,120290,Warning,408,230,120290,88
282,14:41.3,Thread Group 1-19,POST send,122828,Warning,601,372,2580,146
283,14:43.8,Thread Group 1-35,POST save,120309,Warning,601,437,202,86
284,14:43.8,Thread Group 1-26,DELETE URL,120438,Warning,601,376,345,95
285,14:43.8,Thread Group 1-28,DELETE URL,120676,Warning,601,376,581,82
286,14:43.9,Thread Group 1-18,DELETE URL,120663,Warning,601,376,568,83
287,14:43.8,Thread Group 1-6,DELETE URL,120701,Warning,601,376,589,89
288,14:43.9,Thread Group 1-16,DELETE URL,120685,Warning,601,376,572,87
289,14:44.4,Thread Group 1-39,GET,120174,Warning,408,142,120174,70
290,14:45.4,Thread Group 1-40,GET,120314,Warning,408,142,120314,109
291,14:46.4,Thread Group 1-41,GET,120239,Warning,408,142,120239,81
292,14:46.7,Thread Group 1-5,GET,120189,Warning,408,142,120188,80
293,14:46.8,Thread Group 1-37,POST save,120313,Warning,601,437,204,79
294,14:46.8,Thread Group 1-38,POST save,120334,Warning,601,437,216,79
295,14:46.7,Thread Group 1-30,DELETE URL,120447,Warning,601,376,344,86
296,14:47.4,Thread Group 1-42,GET,120198,Warning,408,142,120198,90
297,14:48.4,Thread Group 1-43,GET,120287,Warning,408,142,120287,110
298,14:49.4,Thread Group 1-44,GET,120310,Warning,408,142,120309,102
299,14:50.4,Thread Group 1-45,GET,120235,Warning,408,142,120235,84
300,14:51.4,Thread Group 1-46,GET,120259,Warning,408,142,120259,103
301,14:52.4,Thread Group 1-47,GET,120284,Warning,408,142,120284,109
302,14:53.4,Thread Group 1-48,GET,120405,Warning,408,142,120405,111
303,14:54.4,Thread Group 1-49,GET,120226,Warning,408,142,120226,83
304,14:55.4,Thread Group 1-50,GET,120250,Warning,408,142,120250,132
305,14:56.4,Thread Group 1-51,GET,120272,Warning,408,142,120272,102
306,14:57.4,Thread Group 1-52,GET,120305,Warning,408,142,120305,100
307,14:58.4,Thread Group 1-53,GET,120219,Warning,408,142,120219,81
308,14:59.4,Thread Group 1-54,GET,120250,Warning,408,142,120250,85
309,15:00.4,Thread Group 1-55,GET,120265,Warning,408,142,120265,125
310,15:01.4,Thread Group 1-56,GET,120291,Warning,408,142,120291,71
311,15:02.4,Thread Group 1-57,GET,120345,Warning,408,142,120345,248
312,15:03.4,Thread Group 1-58,GET,120339,Warning,408,142,120339,82
313,15:04.4,Thread Group 1-59,GET,120264,Warning,408,142,120264,95
314,15:05.4,Thread Group 1-60,GET,120283,Warning,408,142,120283,73
315,15:06.4,Thread Group 1-61,GET,120207,Warning,408,142,120207,103
316,15:07.4,Thread Group 1-62,GET,120335,Warning,408,142,120335,118
317,15:08.4,Thread Group 1-63,GET,120564,Warning,408,142,120564,369
318,15:09.4,Thread Group 1-64,GET,120178,Warning,408,142,120178,84
319,15:10.4,Thread Group 1-65,GET,120200,Warning,408,142,120200,90
320,15:11.4,Thread Group 1-66,GET,120226,Warning,408,142,120226,83
321,15:12.4,Thread Group 1-67,GET,120250,Warning,408,142,120250,72
322,15:13.4,Thread Group 1-68,GET,120270,Warning,408,142,120270,79
323,15:14.4,Thread Group 1-69,GET,120294,Warning,408,142,120294,94
324,15:15.4,Thread Group 1-70,GET,120219,Warning,408,142,120218,82
325,15:16.4,Thread Group 1-71,GET,120241,Warning,408,142,120241,80
326,15:17.4,Thread Group 1-72,GET,120176,Warning,408,142,120176,87
327,15:18.4,Thread Group 1-73,GET,120288,Warning,408,142,120288,81
328,15:19.4,Thread Group 1-74,GET,120214,Warning,408,142,120214,94
329,15:20.4,Thread Group 1-75,GET,120239,Warning,408,142,120239,106
330,15:21.4,Thread Group 1-76,GET,120251,Warning,408,142,120251,100
331,15:22.4,Thread Group 1-77,GET,120386,Warning,408,142,120386,102
332,15:23.4,Thread Group 1-78,GET,120205,Warning,408,142,120205,79
333,15:24.4,Thread Group 1-79,GET,120235,Warning,408,142,120235,92
334,15:25.4,Thread Group 1-80,GET,120257,Warning,408,142,120257,79
335,15:26.4,Thread Group 1-81,GET,120276,Warning,408,142,120276,84
336,15:27.4,Thread Group 1-82,GET,120301,Warning,408,142,120301,102
337,15:28.4,Thread Group 1-83,GET,120224,Warning,408,142,120224,103
338,15:29.4,Thread Group 1-84,GET,120254,Warning,408,142,120254,71
339,15:30.4,Thread Group 1-85,GET,120270,Warning,408,142,120270,101
340,15:31.4,Thread Group 1-86,GET,120294,Warning,408,142,120294,74
341,15:32.4,Thread Group 1-87,GET,120322,Warning,408,142,120322,103
342,15:33.4,Thread Group 1-88,GET,120241,Warning,408,142,120241,102
343,15:34.4,Thread Group 1-89,GET,120368,Warning,408,142,120368,81
344,15:35.4,Thread Group 1-90,GET,120293,Warning,408,142,120293,79
345,15:36.4,Thread Group 1-91,GET,120209,Warning,408,142,120209,70
346,15:37.4,Thread Group 1-92,GET,120236,Warning,408,142,120236,102
347,15:38.4,Thread Group 1-93,GET,120261,Warning,408,142,120260,100
348,15:39.4,Thread Group 1-94,GET,120385,Warning,408,142,120385,189
349,15:40.4,Thread Group 1-95,GET,120204,Warning,408,142,120204,99
350,15:41.4,Thread Group 1-96,GET,120228,Warning,408,142,120228,102
351,15:42.4,Thread Group 1-97,GET,120250,Warning,408,142,120250,80
352,15:43.4,Thread Group 1-98,GET,120356,Warning,408,142,120356,202
353,15:44.4,Thread Group 1-99,GET,120197,Warning,408,142,120197,70
354,15:45.4,Thread Group 1-100,GET,120325,Warning,408,142,120324,101
355,17:35.7,Thread Group 1-90,POST save,35871,Success,12694,437,194,73
356,17:38.7,Thread Group 1-93,POST save,32910,Success,12694,437,197,72
357,17:36.6,Thread Group 1-91,POST save,34963,Success,12694,437,187,69
358,17:39.8,Thread Group 1-94,POST save,32027,Success,12694,437,200,81
359,18:11.8,Thread Group 1-94,POST send,2564,Success,12694,372,799,68
360,17:37.7,Thread Group 1-92,POST save,36760,Success,12694,437,198,68
361,17:40.6,Thread Group 1-95,POST save,33798,Success,12694,437,176,69
362,17:41.7,Thread Group 1-96,POST save,32778,Success,12694,437,214,98
363,18:14.4,Thread Group 1-94,DELETE URL,1228,Success,12694,376,490,113
364,18:15.6,Thread Group 1-94,GET,648,Success,12501,142,648,0
365,17:44.6,Thread Group 1-99,POST save,31976,Success,12694,437,180,65
366,18:16.3,Thread Group 1-94,POST save,902,Success,12694,437,119,0
367,18:11.6,Thread Group 1-90,POST send,5723,Success,12694,372,826,72
368,18:11.6,Thread Group 1-91,POST send,5725,Success,12694,372,2823,77
369,18:11.6,Thread Group 1-93,POST send,5733,Success,12694,372,2829,74
370,17:42.7,Thread Group 1-97,POST save,34907,Success,12694,437,182,65
371,17:43.8,Thread Group 1-98,POST save,33809,Success,12694,437,348,223
372,17:45.8,Thread Group 1-100,POST save,32084,Success,12694,437,197,81
373,18:14.4,Thread Group 1-96,POST send,3763,Success,12694,372,3031,78
374,18:14.4,Thread Group 1-95,POST send,3877,Success,12694,372,3046,86
375,18:14.4,Thread Group 1-92,POST send,3906,Success,12694,372,3058,101
376,18:16.6,Thread Group 1-99,POST send,1736,Success,12694,372,1021,68
377,18:17.3,Thread Group 1-90,DELETE URL,1061,Success,12694,376,342,73
378,18:17.3,Thread Group 1-91,DELETE URL,1126,Success,12694,376,346,69
379,18:17.3,Thread Group 1-93,DELETE URL,1123,Success,12694,376,341,70
380,18:17.2,Thread Group 1-94,POST send,1528,Success,12694,372,835,0
381,18:18.4,Thread Group 1-90,GET,658,Success,12501,142,657,0
382,18:18.3,Thread Group 1-99,DELETE URL,1960,Success,12694,376,236,0
383,18:17.6,Thread Group 1-97,POST send,2723,Success,12694,372,928,68
384,18:17.6,Thread Group 1-98,POST send,2738,Success,12694,372,926,72
385,18:17.8,Thread Group 1-100,POST send,2496,Success,12694,372,888,69
386,18:18.3,Thread Group 1-92,DELETE URL,2010,Success,12694,376,244,0
387,18:18.7,Thread Group 1-94,DELETE URL,1633,Success,12694,376,422,84
388,18:18.5,Thread Group 1-93,GET,1904,Success,12501,142,1904,0
389,18:18.3,Thread Group 1-95,DELETE URL,2071,Success,12694,376,236,0
390,18:19.0,Thread Group 1-90,POST save,1345,Success,12694,437,123,0
391,18:18.2,Thread Group 1-96,DELETE URL,2222,Success,12694,376,221,0
392,18:18.5,Thread Group 1-91,GET,1980,Success,12501,142,1980,0
393,18:20.4,Thread Group 1-94,GET,742,Success,12501,142,742,0
394,18:20.3,Thread Group 1-99,GET,830,Success,12501,142,830,73
395,18:20.4,Thread Group 1-92,GET,824,Success,12501,142,824,90
396,18:20.4,Thread Group 1-95,GET,892,Success,12501,142,892,74
397,18:20.4,Thread Group 1-96,GET,936,Success,12501,142,936,70
398,18:20.4,Thread Group 1-93,POST save,1043,Success,12694,437,184,72
399,18:20.3,Thread Group 1-97,DELETE URL,1112,Success,12694,376,308,75
400,18:20.4,Thread Group 1-91,POST save,1026,Success,12694,437,192,85
401,18:20.3,Thread Group 1-98,DELETE URL,1151,Success,12694,376,312,69
402,18:20.3,Thread Group 1-100,DELETE URL,1155,Success,12694,376,310,75
403,18:21.2,Thread Group 1-92,POST save,2170,Success,12694,437,106,0
404,18:21.1,Thread Group 1-99,POST save,2215,Success,12694,437,94,0
405,18:21.1,Thread Group 1-94,POST save,2280,Success,12694,437,180,72
406,18:21.5,Thread Group 1-100,GET,1885,Success,12501,142,1885,0
407,18:21.3,Thread Group 1-95,POST save,5063,Success,12694,437,118,0
408,18:23.4,Thread Group 1-100,POST save,2965,Success,12694,437,175,68
409,18:20.4,Thread Group 1-90,POST send,5967,Success,12694,372,1019,70
410,18:21.4,Thread Group 1-97,GET,4932,Success,12501,142,4932,0
411,18:21.5,Thread Group 1-98,GET,4875,Success,12501,142,4875,0
412,18:23.4,Thread Group 1-94,POST send,2990,Success,12694,372,785,73
413,18:23.4,Thread Group 1-99,POST send,3027,Success,12694,372,810,77
414,18:21.4,Thread Group 1-96,POST save,5012,Success,12694,437,104,0
415,18:23.3,Thread Group 1-92,POST send,3038,Success,12694,372,814,70
416,18:21.5,Thread Group 1-91,POST send,5954,Success,12694,372,4944,0
417,18:21.4,Thread Group 1-93,POST send,6020,Success,12694,372,5001,0
418,18:26.4,Thread Group 1-98,POST save,1074,Success,12694,437,193,80
419,18:26.4,Thread Group 1-97,POST save,1150,Success,12694,437,199,78
420,18:26.4,Thread Group 1-99,DELETE URL,1188,Success,12694,376,318,73
421,18:26.4,Thread Group 1-92,DELETE URL,1185,Success,12694,376,315,74
422,18:26.4,Thread Group 1-90,DELETE URL,1216,Success,12694,376,334,78
423,18:27.4,Thread Group 1-91,DELETE URL,1004,Success,12694,376,273,0
424,18:27.4,Thread Group 1-93,DELETE URL,1094,Success,12694,376,372,0
425,18:27.6,Thread Group 1-92,GET,1937,Success,12501,142,1937,0
426,18:26.4,Thread Group 1-100,POST send,3149,Success,12694,372,949,82
427,18:27.6,Thread Group 1-90,GET,1939,Success,12501,142,1939,0
428,18:27.6,Thread Group 1-99,GET,1955,Success,12501,142,1955,0
429,18:26.3,Thread Group 1-95,POST send,3178,Success,12694,372,950,82
430,18:26.4,Thread Group 1-94,DELETE URL,3154,Success,12694,376,434,77
431,18:28.5,Thread Group 1-93,GET,993,Success,12501,142,993,73
432,18:28.4,Thread Group 1-91,GET,1097,Success,12501,142,1097,66
433,18:26.4,Thread Group 1-96,POST send,3158,Success,12694,372,1072,75
434,18:29.5,Thread Group 1-94,GET,906,Success,12501,142,905,83
435,18:27.5,Thread Group 1-97,POST send,2926,Success,12694,372,2048,0
436,18:29.5,Thread Group 1-93,POST save,915,Success,12694,437,108,0
437,18:27.4,Thread Group 1-98,POST send,3106,Success,12694,372,2108,0
438,18:29.5,Thread Group 1-91,POST save,1033,Success,12694,437,110,0
439,18:29.5,Thread Group 1-90,POST save,1055,Success,12694,437,179,80
440,18:29.5,Thread Group 1-92,POST save,1077,Success,12694,437,192,89
441,18:29.5,Thread Group 1-99,POST save,1171,Success,12694,437,190,86
442,18:29.5,Thread Group 1-95,DELETE URL,1176,Success,12694,376,331,87
443,18:29.5,Thread Group 1-100,DELETE URL,1202,Success,12694,376,337,81
444,18:29.5,Thread Group 1-96,DELETE URL,1272,Success,12694,376,449,77
445,18:30.4,Thread Group 1-94,POST save,987,Success,12694,437,140,0
446,18:30.7,Thread Group 1-95,GET,1042,Success,12501,142,1042,0
447,18:30.4,Thread Group 1-97,DELETE URL,1301,Success,12694,376,275,0
448,18:30.7,Thread Group 1-100,GET,1663,Success,12501,142,1663,0
449,18:30.5,Thread Group 1-98,DELETE URL,1844,Success,12694,376,236,0
450,18:30.8,Thread Group 1-96,GET,1584,Success,12501,142,1584,0
451,18:30.4,Thread Group 1-93,POST send,1960,Success,12694,372,975,0
452,18:30.6,Thread Group 1-92,POST send,1872,Success,12694,372,1065,0
453,18:30.6,Thread Group 1-90,POST send,1912,Success,12694,372,1077,0
454,18:30.6,Thread Group 1-91,POST send,1930,Success,12694,372,1206,86
455,18:31.7,Thread Group 1-97,GET,845,Success,12501,142,845,80
456,18:30.7,Thread Group 1-99,POST send,1906,Success,12694,372,1073,0
457,18:31.7,Thread Group 1-95,POST save,928,Success,12694,437,203,83
458,18:32.4,Thread Group 1-98,GET,790,Success,12501,142,789,75
459,18:31.4,Thread Group 1-94,POST send,1822,Success,12694,372,1004,0
460,18:32.4,Thread Group 1-96,POST save,1021,Success,12694,437,211,73
461,18:32.4,Thread Group 1-100,POST save,1043,Success,12694,437,221,82
462,18:32.4,Thread Group 1-93,DELETE URL,1050,Success,12694,376,255,0
463,18:32.6,Thread Group 1-97,POST save,954,Success,12694,437,102,0
464,18:32.5,Thread Group 1-92,DELETE URL,1111,Success,12694,376,247,0
465,18:32.5,Thread Group 1-90,DELETE URL,1095,Success,12694,376,247,0
466,18:32.6,Thread Group 1-99,DELETE URL,1039,Success,12694,376,265,0
467,18:32.5,Thread Group 1-91,DELETE URL,1170,Success,12694,376,308,0
468,18:33.2,Thread Group 1-98,POST save,835,Success,12694,437,138,0
469,18:33.2,Thread Group 1-94,DELETE URL,998,Success,12694,376,256,0
470,18:33.5,Thread Group 1-93,GET,815,Success,12501,142,815,70
471,18:33.6,Thread Group 1-92,GET,827,Success,12501,142,827,0
472,18:33.6,Thread Group 1-90,GET,839,Success,12501,142,838,0
473,18:32.7,Thread Group 1-95,POST send,1757,Success,12694,372,883,0
474,18:33.7,Thread Group 1-91,GET,843,Success,12501,142,843,0
475,18:33.6,Thread Group 1-99,GET,1829,Success,12501,142,1829,0
476,18:33.4,Thread Group 1-100,POST send,2045,Success,12694,372,867,0
477,18:34.2,Thread Group 1-94,GET,1240,Success,12501,142,1240,0
478,18:34.4,Thread Group 1-92,POST save,1080,Success,12694,437,225,85
479,18:34.4,Thread Group 1-90,POST save,1059,Success,12694,437,204,71
480,18:34.5,Thread Group 1-91,POST save,974,Success,12694,437,127,0
481,18:34.3,Thread Group 1-93,POST save,1212,Success,12694,437,138,0
482,18:33.4,Thread Group 1-96,POST send,2068,Success,12694,372,829,0
483,18:34.4,Thread Group 1-95,DELETE URL,1058,Success,12694,376,337,76
484,18:33.5,Thread Group 1-97,POST send,1944,Success,12694,372,891,0
485,18:35.5,Thread Group 1-95,GET,764,Success,12501,142,764,0
486,18:34.0,Thread Group 1-98,POST send,2412,Success,12694,372,1474,0
487,18:35.5,Thread Group 1-97,DELETE URL,1087,Success,12694,376,245,0
488,18:35.5,Thread Group 1-94,POST save,1107,Success,12694,437,189,77
489,18:35.5,Thread Group 1-100,DELETE URL,1123,Success,12694,376,365,78
490,18:35.5,Thread Group 1-99,POST save,1138,Success,12694,437,178,77
491,18:35.5,Thread Group 1-93,POST send,1739,Success,12694,372,998,87
492,18:36.6,Thread Group 1-100,GET,684,Success,12501,142,684,0
493,18:36.6,Thread Group 1-97,GET,806,Success,12501,142,805,76
494,18:36.4,Thread Group 1-98,DELETE URL,989,Success,12694,376,258,0
495,18:36.6,Thread Group 1-94,POST send,1433,Success,12694,372,755,0
496,18:36.6,Thread Group 1-99,POST send,1429,Success,12694,372,783,0
497,18:35.5,Thread Group 1-92,POST send,2886,Success,12694,372,834,0
498,18:36.3,Thread Group 1-95,POST save,2118,Success,12694,437,107,0
499,18:35.5,Thread Group 1-96,DELETE URL,2898,Success,12694,376,383,88
500,18:35.5,Thread Group 1-90,POST send,2902,Success,12694,372,867,0
501,18:37.3,Thread Group 1-100,POST save,1110,Success,12694,437,122,0
502,18:37.2,Thread Group 1-93,DELETE URL,1174,Success,12694,376,251,0
503,18:37.4,Thread Group 1-98,GET,984,Success,12501,142,983,0
504,18:37.4,Thread Group 1-97,POST save,1020,Success,12694,437,145,0
505,18:35.5,Thread Group 1-91,POST send,2928,Success,12694,372,921,78
506,18:38.0,Thread Group 1-94,DELETE URL,998,Success,12694,376,322,72
507,18:38.0,Thread Group 1-99,DELETE URL,1148,Success,12694,376,322,71
508,18:38.4,Thread Group 1-96,GET,860,Success,12501,142,860,79
509,18:38.4,Thread Group 1-93,GET,882,Success,12501,142,882,80
510,18:38.4,Thread Group 1-98,POST save,1077,Success,12694,437,202,80
511,18:38.4,Thread Group 1-92,DELETE URL,1116,Success,12694,376,313,71
512,18:38.4,Thread Group 1-90,DELETE URL,1121,Success,12694,376,433,82
513,18:38.4,Thread Group 1-91,DELETE URL,1105,Success,12694,376,445,76
514,18:39.0,Thread Group 1-94,GET,676,Success,12501,142,676,0
515,18:39.2,Thread Group 1-99,GET,639,Success,12501,142,639,0
516,18:38.4,Thread Group 1-97,POST send,1588,Success,12694,372,866,0
517,18:39.3,Thread Group 1-96,POST save,810,Success,12694,437,121,0
518,18:39.3,Thread Group 1-93,POST save,861,Success,12694,437,117,0
519,18:40.0,Thread Group 1-97,DELETE URL,895,Success,12694,376,240,0
520,18:39.8,Thread Group 1-99,POST save,1609,Success,12694,437,119,0
521,18:39.5,Thread Group 1-92,GET,1958,Success,12501,142,1957,0
522,18:38.4,Thread Group 1-95,POST send,3073,Success,12694,372,1060,95
523,18:38.4,Thread Group 1-100,POST send,3048,Success,12694,372,1003,73
524,18:39.5,Thread Group 1-91,GET,1932,Success,12501,142,1932,0
525,18:39.5,Thread Group 1-90,GET,1948,Success,12501,142,1948,0
526,18:39.7,Thread Group 1-94,POST save,1756,Success,12694,437,120,0
527,18:40.1,Thread Group 1-96,POST send,1521,Success,12694,372,784,0
528,18:40.9,Thread Group 1-97,GET,689,Success,12501,142,688,0
529,18:40.1,Thread Group 1-93,POST send,1463,Success,12694,372,729,0
530,16:41.7,Thread Group 1-21,POST send,120354,Warning,408,230,120353,171
531,16:41.7,Thread Group 1-1,POST send,120395,Warning,408,230,120395,202
532,16:41.7,Thread Group 1-10,POST send,120390,Warning,408,230,120390,170
533,16:41.7,Thread Group 1-9,POST send,120393,Warning,408,230,120393,190
534,16:41.7,Thread Group 1-36,POST save,120483,Warning,601,437,387,176
535,16:41.7,Thread Group 1-23,POST save,120502,Warning,601,437,407,191
536,18:39.5,Thread Group 1-98,POST send,2749,Success,12694,372,1975,0
537,16:42.1,Thread Group 1-22,GET,120170,Warning,408,142,120170,80
538,16:42.1,Thread Group 1-4,GET,120175,Warning,408,142,120175,81
539,16:42.1,Thread Group 1-7,GET,120171,Warning,408,142,120171,78
540,16:41.7,Thread Group 1-20,DELETE URL,120640,Warning,601,376,549,197
541,16:42.2,Thread Group 1-24,GET,120165,Warning,408,142,120164,72
542,16:41.7,Thread Group 1-32,DELETE URL,120726,Warning,601,376,634,182
543,16:41.7,Thread Group 1-12,DELETE URL,120763,Warning,601,376,664,207
544,16:41.7,Thread Group 1-34,DELETE URL,120749,Warning,601,376,656,170
545,16:41.7,Thread Group 1-29,DELETE URL,120766,Warning,601,376,661,175
546,16:41.7,Thread Group 1-25,DELETE URL,120786,Warning,601,376,675,198
547,18:41.5,Thread Group 1-90,POST save,1034,Success,12694,437,212,76
548,16:42.3,Thread Group 1-15,GET,120202,Warning,408,142,120202,85
549,18:41.4,Thread Group 1-92,POST save,1060,Success,12694,437,224,77
550,16:41.7,Thread Group 1-13,DELETE URL,120886,Warning,601,376,792,213
551,18:41.5,Thread Group 1-91,POST save,1125,Success,12694,437,221,81
552,16:41.7,Thread Group 1-14,DELETE URL,120900,Warning,601,376,807,206
553,18:41.6,Thread Group 1-97,POST save,1018,Success,12694,437,209,67
554,18:41.5,Thread Group 1-95,DELETE URL,1229,Success,12694,376,360,74
555,18:41.5,Thread Group 1-100,DELETE URL,1244,Success,12694,376,360,84
556,18:41.6,Thread Group 1-93,DELETE URL,1085,Success,12694,376,309,0
557,18:41.6,Thread Group 1-96,DELETE URL,1154,Success,12694,376,311,0
558,16:42.1,Thread Group 1-3,DELETE URL,120737,Warning,601,376,647,76
559,16:42.3,Thread Group 1-27,DELETE URL,120704,Warning,601,376,615,66
560,18:41.4,Thread Group 1-99,POST send,1751,Success,12694,372,851,79
561,18:42.3,Thread Group 1-20,GET,917,Success,12501,142,917,71
562,18:41.5,Thread Group 1-94,POST send,2050,Success,12694,372,991,76
563,18:42.1,Thread Group 1-21,DELETE URL,1505,Success,12694,376,381,69
564,18:42.3,Thread Group 1-22,POST save,1399,Success,12694,437,190,71
565,18:42.3,Thread Group 1-4,POST save,1447,Success,12694,437,213,84
566,18:42.1,Thread Group 1-9,DELETE URL,1616,Success,12694,376,374,74
567,18:42.1,Thread Group 1-1,DELETE URL,1744,Success,12694,376,385,72
568,18:42.3,Thread Group 1-7,POST save,1645,Success,12694,437,211,70
569,16:44.1,Thread Group 1-35,POST send,120198,Warning,408,230,120198,81
570,18:42.4,Thread Group 1-32,GET,1957,Success,12501,142,1957,70
571,18:42.1,Thread Group 1-10,DELETE URL,2302,Success,12694,376,400,79
572,18:42.5,Thread Group 1-12,GET,1954,Success,12501,142,1954,70
573,18:42.5,Thread Group 1-34,GET,1946,Success,12501,142,1946,78
574,18:42.5,Thread Group 1-29,GET,1942,Success,12501,142,1942,74
575,16:44.1,Thread Group 1-8,POST save,120330,Warning,601,437,203,73
576,16:44.2,Thread Group 1-26,GET,120207,Warning,408,142,120207,80
577,16:44.1,Thread Group 1-2,POST save,120337,Warning,601,437,219,74
578,18:42.2,Thread Group 1-98,DELETE URL,2357,Success,12694,376,309,0
579,18:42.4,Thread Group 1-24,POST save,2233,Success,12694,437,218,70
580,18:42.5,Thread Group 1-25,GET,2121,Success,12501,142,2121,84
581,18:42.6,Thread Group 1-13,GET,2036,Success,12501,142,2036,71
582,18:42.6,Thread Group 1-14,GET,2064,Success,12501,142,2064,86
583,16:44.1,Thread Group 1-19,DELETE URL,120537,Warning,601,376,437,81
584,16:44.1,Thread Group 1-31,DELETE URL,120538,Warning,601,376,441,83
585,16:44.1,Thread Group 1-33,DELETE URL,120546,Warning,601,376,429,79
586,16:44.1,Thread Group 1-11,DELETE URL,120553,Warning,601,376,430,81
587,18:42.7,Thread Group 1-100,GET,1996,Success,12501,142,1996,0
588,18:42.7,Thread Group 1-95,GET,2022,Success,12501,142,2022,0
589,18:42.7,Thread Group 1-93,GET,2011,Success,12501,142,2011,0
590,16:44.5,Thread Group 1-28,GET,120190,Warning,408,142,120190,77
591,16:44.1,Thread Group 1-17,DELETE URL,120584,Warning,601,376,482,84
592,16:44.5,Thread Group 1-6,GET,120174,Warning,408,142,120174,75
593,16:44.5,Thread Group 1-16,GET,120174,Warning,408,142,120174,74
594,16:44.5,Thread Group 1-18,GET,120194,Warning,408,142,120194,78
595,18:42.2,Thread Group 1-36,POST send,2623,Success,12694,372,998,69
596,18:42.2,Thread Group 1-23,POST send,2699,Success,12694,372,1045,68
597,16:44.6,Thread Group 1-39,POST save,120297,Warning,601,437,212,71
598,18:43.2,Thread Group 1-20,POST save,1678,Success,12694,437,106,0
599,18:43.6,Thread Group 1-21,GET,1400,Success,12501,142,1400,0
600,18:43.7,Thread Group 1-9,GET,1344,Success,12501,142,1344,0
601,18:43.8,Thread Group 1-1,GET,1275,Success,12501,142,1275,0
602,18:42.5,Thread Group 1-90,POST send,2731,Success,12694,372,1508,0
603,18:43.2,Thread Group 1-99,DELETE URL,2071,Success,12694,376,879,0
604,16:45.8,Thread Group 1-40,POST save,120321,Warning,601,437,209,89
605,16:46.7,Thread Group 1-41,POST save,120418,Warning,601,437,218,101
606,16:46.9,Thread Group 1-5,POST save,120301,Warning,601,437,212,82
607,16:47.1,Thread Group 1-37,POST send,120180,Warning,408,230,120180,76
608,16:47.1,Thread Group 1-38,POST send,120190,Warning,408,230,120189,85
609,16:47.2,Thread Group 1-30,GET,120192,Warning,408,142,120192,79
610,18:43.0,Thread Group 1-27,GET,4456,Success,12501,142,4456,70
611,18:44.7,Thread Group 1-31,GET,2807,Success,12501,142,2807,73
612,18:44.4,Thread Group 1-10,GET,3069,Success,12501,142,3069,75
613,18:42.6,Thread Group 1-97,POST send,4881,Success,12694,372,2044,0
614,18:44.7,Thread Group 1-33,GET,2818,Success,12501,142,2818,77
615,18:44.7,Thread Group 1-19,GET,2835,Success,12501,142,2835,80
616,18:43.5,Thread Group 1-94,DELETE URL,3997,Success,12694,376,840,66
617,18:42.8,Thread Group 1-3,GET,4669,Success,12501,142,4669,66
618,18:44.5,Thread Group 1-26,POST save,3063,Success,12694,437,316,206
619,18:44.7,Thread Group 1-11,GET,2846,Success,12501,142,2845,76
620,18:42.6,Thread Group 1-91,POST send,4949,Success,12694,372,2083,0
621,18:43.9,Thread Group 1-7,POST send,3651,Success,12694,372,1299,0
622,18:44.8,Thread Group 1-36,DELETE URL,2848,Success,12694,376,885,70
623,16:47.6,Thread Group 1-42,POST save,120265,Warning,601,437,176,67
624,16:48.7,Thread Group 1-43,POST save,120319,Warning,601,437,206,87
625,16:49.7,Thread Group 1-44,POST save,120318,Warning,601,437,192,74
626,18:42.5,Thread Group 1-15,POST save,7958,Success,12694,437,217,81
627,18:45.1,Thread Group 1-1,POST save,5357,Success,12694,437,187,73
628,18:42.7,Thread Group 1-96,GET,7736,Success,12501,142,7736,0
629,18:45.2,Thread Group 1-90,DELETE URL,5313,Success,12694,376,1101,0
630,16:50.7,Thread Group 1-45,POST save,120314,Warning,601,437,200,90
631,16:51.7,Thread Group 1-46,POST save,120295,Warning,601,437,207,87
632,16:52.7,Thread Group 1-47,POST save,120416,Warning,601,437,218,88
633,16:53.8,Thread Group 1-48,POST save,120317,Warning,601,437,196,80
634,16:54.7,Thread Group 1-49,POST save,120318,Warning,601,437,208,96
635,16:55.7,Thread Group 1-50,POST save,120318,Warning,601,437,179,65
636,16:56.7,Thread Group 1-51,POST save,120275,Warning,601,437,185,68
637,16:57.7,Thread Group 1-52,POST save,120413,Warning,601,437,200,81
638,16:58.7,Thread Group 1-53,POST save,120317,Warning,601,437,193,84
639,16:59.7,Thread Group 1-54,POST save,120314,Warning,601,437,195,75
640,17:00.7,Thread Group 1-55,POST save,120422,Warning,601,437,207,88
641,17:01.7,Thread Group 1-56,POST save,120318,Warning,601,437,194,73
642,17:02.8,Thread Group 1-57,POST save,120294,Warning,601,437,192,76
643,17:03.8,Thread Group 1-58,POST save,120421,Warning,601,437,208,86
644,17:04.7,Thread Group 1-59,POST save,120319,Warning,601,437,207,85
645,18:44.7,Thread Group 1-17,GET,20750,Success,12501,142,20750,69
646,17:05.7,Thread Group 1-60,POST save,120338,Warning,601,437,209,82
647,17:06.6,Thread Group 1-61,POST save,120313,Warning,601,437,181,68
648,17:07.8,Thread Group 1-62,POST save,120312,Warning,601,437,209,88
649,17:09.0,Thread Group 1-63,POST save,120320,Warning,601,437,174,66
650,17:09.6,Thread Group 1-64,POST save,120277,Warning,601,437,187,78
651,17:10.6,Thread Group 1-65,POST save,120319,Warning,601,437,186,70
652,17:11.7,Thread Group 1-66,POST save,120273,Warning,601,437,182,80
653,17:12.7,Thread Group 1-67,POST save,120423,Warning,601,437,313,167
654,17:13.7,Thread Group 1-68,POST save,120316,Warning,601,437,182,67
655,17:14.7,Thread Group 1-69,POST save,120427,Warning,601,437,214,84
656,17:15.7,Thread Group 1-70,POST save,120420,Warning,601,437,223,95
657,17:16.7,Thread Group 1-71,POST save,120524,Warning,601,437,372,244
658,17:17.6,Thread Group 1-72,POST save,120301,Warning,601,437,199,68
659,17:18.7,Thread Group 1-73,POST save,120319,Warning,601,437,202,76
660,17:19.6,Thread Group 1-74,POST save,120319,Warning,601,437,179,66
661,17:20.7,Thread Group 1-75,POST save,120314,Warning,601,437,197,68
662,17:21.7,Thread Group 1-76,POST save,120328,Warning,601,437,199,83
663,17:22.8,Thread Group 1-77,POST save,120419,Warning,601,437,201,66
664,17:23.6,Thread Group 1-78,POST save,120317,Warning,601,437,173,65
665,17:24.7,Thread Group 1-79,POST save,120283,Warning,601,437,188,69
666,17:25.7,Thread Group 1-80,POST save,120521,Warning,601,437,211,88
667,17:26.7,Thread Group 1-81,POST save,120313,Warning,601,437,216,98
668,17:27.7,Thread Group 1-82,POST save,120318,Warning,601,437,208,87
669,17:28.7,Thread Group 1-83,POST save,120320,Warning,601,437,172,66
670,17:29.7,Thread Group 1-84,POST save,120413,Warning,601,437,214,91
671,17:30.7,Thread Group 1-85,POST save,120442,Warning,601,437,197,76
672,17:31.7,Thread Group 1-86,POST save,120420,Warning,601,437,212,92
673,17:32.8,Thread Group 1-87,POST save,120316,Warning,601,437,205,79
674,17:33.7,Thread Group 1-88,POST save,120291,Warning,601,437,187,69
675,17:34.8,Thread Group 1-89,POST save,120419,Warning,601,437,198,81
676,18:42.5,Thread Group 1-92,POST send,122256,Warning,601,372,1942,0
677,18:44.4,Thread Group 1-29,POST save,120344,Warning,601,437,131,0
678,18:44.4,Thread Group 1-12,POST save,120353,Warning,601,437,125,0
679,18:44.4,Thread Group 1-32,POST save,120386,Warning,601,437,144,0
680,18:44.6,Thread Group 1-98,GET,120187,Warning,408,142,120187,75
681,18:44.4,Thread Group 1-34,POST save,120370,Warning,601,437,135,0
682,18:44.5,Thread Group 1-2,POST send,120332,Warning,408,230,120332,201
683,18:44.5,Thread Group 1-8,POST send,120337,Warning,408,230,120337,208
684,18:44.6,Thread Group 1-24,POST send,120188,Warning,408,230,120188,77
685,18:44.6,Thread Group 1-13,POST save,120270,Warning,601,437,179,85
686,18:44.6,Thread Group 1-25,POST save,120296,Warning,601,437,198,75
687,18:44.7,Thread Group 1-14,POST save,120263,Warning,601,437,175,77
688,18:44.3,Thread Group 1-35,DELETE URL,120614,Warning,601,376,527,75
689,18:44.7,Thread Group 1-100,POST save,120261,Warning,601,437,171,71
690,18:44.7,Thread Group 1-95,POST save,120280,Warning,601,437,181,82
691,18:44.7,Thread Group 1-93,POST save,120287,Warning,601,437,175,74
692,18:44.7,Thread Group 1-28,POST save,120297,Warning,601,437,173,70
693,18:44.7,Thread Group 1-6,POST save,120304,Warning,601,437,191,72
694,18:44.7,Thread Group 1-16,POST save,120304,Warning,601,437,191,83
695,18:44.7,Thread Group 1-18,POST save,120305,Warning,601,437,189,81
696,18:44.9,Thread Group 1-39,POST send,120176,Warning,408,230,120176,78
697,18:44.9,Thread Group 1-20,POST send,120176,Warning,408,230,120176,77
698,18:45.0,Thread Group 1-21,POST save,120270,Warning,601,437,184,73
699,18:43.7,Thread Group 1-22,POST send,121614,Warning,601,372,1451,0
700,18:43.7,Thread Group 1-4,POST send,121590,Warning,601,372,1423,0
701,18:45.3,Thread Group 1-99,GET,120079,Warning,408,142,120079,0
702,18:45.1,Thread Group 1-9,POST save,120308,Warning,601,437,186,72
703,18:44.9,Thread Group 1-23,DELETE URL,121107,Warning,601,376,1018,73
704,18:47.1,Thread Group 1-41,POST send,120218,Warning,408,230,120217,83
705,18:47.2,Thread Group 1-5,POST send,120197,Warning,408,230,120197,79
706,18:47.5,Thread Group 1-26,POST send,120295,Warning,408,230,120295,89
707,18:47.3,Thread Group 1-37,DELETE URL,120562,Warning,601,376,380,66
708,18:47.5,Thread Group 1-94,GET,120319,Warning,408,142,120319,97
709,18:47.5,Thread Group 1-31,POST save,120351,Warning,601,437,195,73
710,18:47.4,Thread Group 1-30,POST save,120471,Warning,601,437,296,88
711,18:47.5,Thread Group 1-27,POST save,120378,Warning,601,437,194,71
712,18:47.7,Thread Group 1-36,GET,120175,Warning,408,142,120175,78
713,18:47.5,Thread Group 1-33,POST save,120348,Warning,601,437,261,75
714,18:47.5,Thread Group 1-10,POST save,120378,Warning,601,437,281,86
715,18:47.5,Thread Group 1-3,POST save,120356,Warning,601,437,255,89
716,18:47.5,Thread Group 1-11,POST save,120345,Warning,601,437,252,90
717,18:47.5,Thread Group 1-19,POST save,120370,Warning,601,437,261,75
718,18:47.3,Thread Group 1-38,DELETE URL,120599,Warning,601,376,503,70
719,18:47.5,Thread Group 1-97,DELETE URL,120499,Warning,601,376,409,84
720,18:47.5,Thread Group 1-91,DELETE URL,120487,Warning,601,376,397,90
721,18:47.9,Thread Group 1-42,POST send,120179,Warning,408,230,120179,67
722,18:47.6,Thread Group 1-7,DELETE URL,120549,Warning,601,376,468,70
723,18:49.0,Thread Group 1-43,POST send,120180,Warning,408,230,120180,68
724,18:50.1,Thread Group 1-44,POST send,120217,Warning,408,230,120217,77
725,18:50.5,Thread Group 1-15,POST send,120177,Warning,408,230,120176,69
726,18:50.5,Thread Group 1-1,POST send,120196,Warning,408,230,120196,68
727,18:46.1,Thread Group 1-40,POST send,124597,Warning,601,372,4415,75
728,18:50.5,Thread Group 1-90,GET,120163,Warning,408,142,120163,75
729,18:50.5,Thread Group 1-96,POST save,120279,Warning,601,437,198,69
730,18:51.0,Thread Group 1-45,POST send,120178,Warning,408,230,120178,70
731,18:52.0,Thread Group 1-46,POST send,120239,Warning,408,230,120238,70
732,18:53.1,Thread Group 1-47,POST send,120216,Warning,408,230,120216,83
733,18:54.2,Thread Group 1-48,POST send,120219,Warning,408,230,120219,67
734,18:56.0,Thread Group 1-50,POST send,120323,Warning,408,230,120323,71
735,18:55.0,Thread Group 1-49,POST send,121970,Warning,601,372,1881,66
736,18:57.0,Thread Group 1-51,POST send,120177,Warning,408,230,120177,71
737,18:58.2,Thread Group 1-52,POST send,120319,Warning,408,230,120319,88
738,18:59.0,Thread Group 1-53,POST send,120208,Warning,408,230,120208,87
739,19:00.0,Thread Group 1-54,POST send,120214,Warning,408,230,120214,70
740,19:01.1,Thread Group 1-55,POST send,120217,Warning,408,230,120217,81
741,19:02.0,Thread Group 1-56,POST send,120318,Warning,408,230,120318,92
742,19:03.1,Thread Group 1-57,POST send,120218,Warning,408,230,120218,70
743,19:04.2,Thread Group 1-58,POST send,120318,Warning,408,230,120318,83
744,19:05.0,Thread Group 1-59,POST send,120197,Warning,408,230,120197,67
745,19:05.5,Thread Group 1-17,POST save,120285,Warning,601,437,203,71
746,19:06.1,Thread Group 1-60,POST send,120168,Warning,408,230,120168,70
747,19:07.0,Thread Group 1-61,POST send,120222,Warning,408,230,120222,68
748,19:08.1,Thread Group 1-62,POST send,120178,Warning,408,230,120178,70
749,19:09.3,Thread Group 1-63,POST send,120318,Warning,408,230,120318,80
750,19:09.9,Thread Group 1-64,POST send,120163,Warning,408,230,120162,67
751,19:11.0,Thread Group 1-65,POST send,120216,Warning,408,230,120215,70
752,19:11.9,Thread Group 1-66,POST send,120209,Warning,408,230,120209,68
753,19:13.1,Thread Group 1-67,POST send,120188,Warning,408,230,120187,69
754,19:14.0,Thread Group 1-68,POST send,120319,Warning,408,230,120319,95
755,19:15.2,Thread Group 1-69,POST send,120422,Warning,408,230,120422,180
756,19:16.1,Thread Group 1-70,POST send,120188,Warning,408,230,120188,85
757,19:17.2,Thread Group 1-71,POST send,120216,Warning,408,230,120216,69
758,19:17.9,Thread Group 1-72,POST send,120188,Warning,408,230,120188,67
759,19:19.0,Thread Group 1-73,POST send,120319,Warning,408,230,120318,77
760,19:20.0,Thread Group 1-74,POST send,120216,Warning,408,230,120216,69
761,19:21.0,Thread Group 1-75,POST send,120222,Warning,408,230,120221,68
762,19:22.0,Thread Group 1-76,POST send,120286,Warning,408,230,120286,86
763,19:23.2,Thread Group 1-77,POST send,120319,Warning,408,230,120319,77
764,19:24.0,Thread Group 1-78,POST send,120188,Warning,408,230,120188,81
765,19:25.0,Thread Group 1-79,POST send,120248,Warning,408,230,120248,69
766,19:26.2,Thread Group 1-80,POST send,120316,Warning,408,230,120316,105
767,19:27.0,Thread Group 1-81,POST send,120182,Warning,408,230,120181,72
768,19:28.1,Thread Group 1-82,POST send,120218,Warning,408,230,120218,70
769,19:29.0,Thread Group 1-83,POST send,120214,Warning,408,230,120214,81
770,19:30.1,Thread Group 1-84,POST send,120217,Warning,408,230,120217,95
771,19:31.1,Thread Group 1-85,POST send,120305,Warning,408,230,120304,84
772,19:32.1,Thread Group 1-86,POST send,120216,Warning,408,230,120216,66
773,19:33.1,Thread Group 1-87,POST send,120190,Warning,408,230,120190,72
774,19:34.0,Thread Group 1-88,POST send,120171,Warning,408,230,120171,75
775,19:35.2,Thread Group 1-89,POST send,120320,Warning,408,230,120320,96
776,20:44.8,Thread Group 1-12,POST send,120629,Warning,408,230,120629,205
777,20:44.8,Thread Group 1-32,POST send,120621,Warning,408,230,120621,192
778,20:44.8,Thread Group 1-34,POST send,120616,Warning,408,230,120616,185
779,20:44.8,Thread Group 1-98,POST save,120618,Warning,601,437,381,188
780,20:45.0,Thread Group 1-28,POST send,120401,Warning,408,230,120400,73
781,20:44.9,Thread Group 1-35,GET,120467,Warning,408,142,120466,65
782,20:45.0,Thread Group 1-16,POST send,120394,Warning,408,230,120394,73
783,20:44.8,Thread Group 1-29,POST send,120645,Warning,408,230,120645,202
784,20:45.0,Thread Group 1-93,POST send,120416,Warning,408,230,120416,71
785,20:44.9,Thread Group 1-14,POST send,120490,Warning,408,230,120490,67
786,20:45.0,Thread Group 1-95,POST send,120430,Warning,408,230,120430,69
787,20:45.0,Thread Group 1-6,POST send,120395,Warning,408,230,120395,75
788,20:44.9,Thread Group 1-13,POST send,120532,Warning,408,230,120532,71
789,20:44.9,Thread Group 1-25,POST send,120512,Warning,408,230,120512,69
790,20:45.0,Thread Group 1-100,POST send,120468,Warning,408,230,120468,74
791,20:45.0,Thread Group 1-18,POST send,120398,Warning,408,230,120398,73
792,20:45.2,Thread Group 1-21,POST send,120175,Warning,408,230,120175,71
793,20:44.8,Thread Group 1-24,DELETE URL,120628,Warning,601,376,438,174
794,20:44.8,Thread Group 1-2,DELETE URL,120706,Warning,601,376,609,180
795,20:44.8,Thread Group 1-8,DELETE URL,120707,Warning,601,376,609,178
796,20:45.4,Thread Group 1-9,POST send,120169,Warning,408,230,120169,69
797,20:44.8,Thread Group 1-92,DELETE URL,120820,Warning,601,376,739,186
798,20:45.3,Thread Group 1-99,POST save,120258,Warning,601,437,179,71
799,20:45.1,Thread Group 1-39,DELETE URL,120686,Warning,601,376,589,68
800,20:45.1,Thread Group 1-20,DELETE URL,120908,Warning,601,376,812,84
801,20:45.3,Thread Group 1-22,DELETE URL,120881,Warning,601,376,779,81
802,20:45.3,Thread Group 1-4,DELETE URL,120854,Warning,601,376,762,66
803,20:46.0,Thread Group 1-23,GET,120177,Warning,408,142,120177,72
804,22:45.5,Thread Group 1-8,GET,1211,Success,12501,142,1211,102
805,22:45.5,Thread Group 1-2,GET,1227,Success,12501,142,1227,116
806,22:45.4,Thread Group 1-24,GET,1321,Success,12501,142,1321,192
807,22:45.6,Thread Group 1-92,GET,1686,Success,12501,142,1685,68
808,22:45.8,Thread Group 1-39,GET,1902,Success,12501,142,1902,86
809,22:45.4,Thread Group 1-35,POST save,2338,Success,12694,437,410,207
810,22:45.4,Thread Group 1-32,DELETE URL,2352,Success,12694,376,474,216
811,22:45.4,Thread Group 1-12,DELETE URL,2365,Success,12694,376,487,208
812,22:45.4,Thread Group 1-6,DELETE URL,2349,Success,12694,376,562,202
813,22:45.4,Thread Group 1-28,DELETE URL,2353,Success,12694,376,566,203
814,20:47.3,Thread Group 1-41,DELETE URL,120457,Warning,601,376,320,67
815,22:45.4,Thread Group 1-93,DELETE URL,2360,Success,12694,376,605,204
816,22:45.4,Thread Group 1-100,DELETE URL,2366,Success,12694,376,592,196
817,22:46.0,Thread Group 1-20,GET,1784,Success,12501,142,1784,71
818,22:45.4,Thread Group 1-34,DELETE URL,2406,Success,12694,376,709,216
819,20:47.4,Thread Group 1-5,DELETE URL,120408,Warning,601,376,317,67
820,22:45.4,Thread Group 1-21,DELETE URL,2437,Success,12694,376,711,188
821,22:45.4,Thread Group 1-18,DELETE URL,2441,Success,12694,376,691,198
822,22:45.4,Thread Group 1-29,DELETE URL,2458,Success,12694,376,732,201
823,22:45.4,Thread Group 1-25,DELETE URL,2465,Success,12694,376,730,204
824,22:46.2,Thread Group 1-4,GET,1737,Success,12501,142,1736,74
825,20:47.8,Thread Group 1-37,GET,120157,Warning,408,142,120157,67
826,22:46.2,Thread Group 1-22,GET,1872,Success,12501,142,1872,73
827,20:47.8,Thread Group 1-31,POST send,120225,Warning,408,230,120224,74
828,20:47.9,Thread Group 1-10,POST send,120198,Warning,408,230,120198,72
829,22:45.4,Thread Group 1-13,DELETE URL,2652,Success,12694,376,829,204
830,22:45.4,Thread Group 1-16,DELETE URL,2672,Success,12694,376,853,202
831,20:47.8,Thread Group 1-27,POST send,120269,Warning,408,230,120269,94
832,20:47.9,Thread Group 1-38,GET,120213,Warning,408,142,120213,76
833,20:47.8,Thread Group 1-30,POST send,120272,Warning,408,230,120272,96
834,20:47.8,Thread Group 1-33,POST send,120260,Warning,408,230,120260,85
835,20:47.9,Thread Group 1-19,POST send,120243,Warning,408,230,120243,72
836,20:47.9,Thread Group 1-11,POST send,120243,Warning,408,230,120243,75
837,20:47.9,Thread Group 1-3,POST send,120248,Warning,408,230,120248,70
838,20:48.0,Thread Group 1-97,GET,120153,Warning,408,142,120153,70
839,22:45.5,Thread Group 1-9,DELETE URL,2616,Success,12694,376,739,77
840,22:45.4,Thread Group 1-14,DELETE URL,2769,Success,12694,376,867,199
841,20:47.8,Thread Group 1-94,POST save,120366,Warning,601,437,234,75
842,20:47.8,Thread Group 1-36,POST save,120356,Warning,601,437,233,89
843,22:46.2,Thread Group 1-23,POST save,2015,Success,12694,437,205,78
844,20:48.0,Thread Group 1-91,GET,120213,Warning,408,142,120213,66
845,20:47.8,Thread Group 1-26,DELETE URL,120428,Warning,601,376,325,70
846,22:45.4,Thread Group 1-95,DELETE URL,2828,Success,12694,376,977,199
847,22:46.7,Thread Group 1-8,POST save,1561,Success,12694,437,124,0
848,22:46.7,Thread Group 1-2,POST save,1561,Success,12694,437,126,0
849,20:48.1,Thread Group 1-7,GET,120168,Warning,408,142,120168,70
850,22:47.3,Thread Group 1-92,POST save,1199,Success,12694,437,108,0
851,22:45.6,Thread Group 1-99,POST send,2882,Success,12694,372,1775,70
852,22:45.4,Thread Group 1-98,POST send,3099,Success,12694,372,1518,213
853,22:46.7,Thread Group 1-24,POST save,1792,Success,12694,437,108,0
854,20:48.1,Thread Group 1-42,DELETE URL,120731,Warning,601,376,624,73
855,22:47.8,Thread Group 1-32,GET,1156,Success,12501,142,1156,99
856,22:47.8,Thread Group 1-28,GET,1172,Success,12501,142,1172,123
857,22:47.8,Thread Group 1-12,GET,1186,Success,12501,142,1186,123
858,22:47.8,Thread Group 1-41,GET,1261,Success,12501,142,1261,119
859,22:47.8,Thread Group 1-6,GET,1301,Success,12501,142,1301,124
860,22:47.8,Thread Group 1-34,GET,1390,Success,12501,142,1390,83
861,22:47.8,Thread Group 1-93,GET,1644,Success,12501,142,1643,115
862,22:47.8,Thread Group 1-100,GET,1683,Success,12501,142,1683,103
863,22:47.8,Thread Group 1-5,GET,1643,Success,12501,142,1643,80
864,22:47.7,Thread Group 1-39,POST save,1815,Success,12694,437,161,0
865,20:49.2,Thread Group 1-43,DELETE URL,120422,Warning,601,376,328,73
866,22:47.8,Thread Group 1-20,POST save,1950,Success,12694,437,136,0
867,22:47.9,Thread Group 1-21,GET,1951,Success,12501,142,1951,78
868,22:47.9,Thread Group 1-18,GET,1987,Success,12501,142,1987,86
869,22:47.9,Thread Group 1-29,GET,2105,Success,12501,142,2105,85
870,22:47.9,Thread Group 1-25,GET,2105,Success,12501,142,2105,85
871,22:47.9,Thread Group 1-4,POST save,2095,Success,12694,437,207,0
872,22:48.1,Thread Group 1-13,GET,2062,Success,12501,142,2062,108
873,22:48.1,Thread Group 1-16,GET,2087,Success,12501,142,2087,107
874,20:50.3,Thread Group 1-44,DELETE URL,120528,Warning,601,376,326,70
875,20:50.7,Thread Group 1-40,DELETE URL,120857,Warning,601,376,381,71
876,20:50.8,Thread Group 1-96,POST send,120778,Warning,408,230,120778,81
877,20:50.6,Thread Group 1-15,DELETE URL,120889,Warning,601,376,317,70
878,22:48.0,Thread Group 1-37,POST save,3554,Success,12694,437,255,98
879,22:48.2,Thread Group 1-14,GET,3351,Success,12501,142,3351,98
880,20:50.7,Thread Group 1-90,POST save,120834,Warning,601,437,214,65
881,22:48.2,Thread Group 1-9,GET,3380,Success,12501,142,3380,79
882,20:50.7,Thread Group 1-1,DELETE URL,120879,Warning,601,376,383,69
883,20:51.2,Thread Group 1-45,DELETE URL,120408,Warning,601,376,320,71
884,22:48.0,Thread Group 1-22,POST save,3690,Success,12694,437,164,0
885,22:48.2,Thread Group 1-26,GET,3498,Success,12501,142,3498,77
886,22:48.2,Thread Group 1-95,GET,3516,Success,12501,142,3515,75
887,22:48.1,Thread Group 1-97,POST save,3682,Success,12694,437,215,78
888,22:48.1,Thread Group 1-38,POST save,3734,Success,12694,437,247,96
889,22:48.2,Thread Group 1-91,POST save,3626,Success,12694,437,204,74
890,22:48.3,Thread Group 1-7,POST save,3694,Success,12694,437,250,126
891,22:48.1,Thread Group 1-31,DELETE URL,4169,Success,12694,376,726,74
892,22:48.1,Thread Group 1-10,DELETE URL,4246,Success,12694,376,727,77
893,22:48.8,Thread Group 1-42,GET,3579,Success,12501,142,3579,78
894,22:48.1,Thread Group 1-11,DELETE URL,4266,Success,12694,376,803,85
895,22:47.8,Thread Group 1-35,POST send,4715,Success,12694,372,1223,103
896,22:48.1,Thread Group 1-33,DELETE URL,4392,Success,12694,376,819,97
897,22:48.1,Thread Group 1-30,DELETE URL,4417,Success,12694,376,822,96
898,22:48.1,Thread Group 1-3,DELETE URL,4424,Success,12694,376,877,84
899,22:48.1,Thread Group 1-19,DELETE URL,4453,Success,12694,376,924,82
900,22:48.9,Thread Group 1-32,POST save,3684,Success,12694,437,143,0
901,22:48.1,Thread Group 1-27,DELETE URL,4512,Success,12694,376,947,97
902,22:48.9,Thread Group 1-28,POST save,3703,Success,12694,437,123,0
903,20:52.2,Thread Group 1-46,DELETE URL,120431,Warning,601,376,338,90
904,22:49.0,Thread Group 1-12,POST save,3728,Success,12694,437,121,0
905,22:49.0,Thread Group 1-41,POST save,3780,Success,12694,437,120,0
906,22:49.2,Thread Group 1-34,POST save,3651,Success,12694,437,111,0
907,22:49.1,Thread Group 1-6,POST save,3791,Success,12694,437,108,0
908,22:49.4,Thread Group 1-93,POST save,3517,Success,12694,437,111,0
909,22:49.5,Thread Group 1-100,POST save,3477,Success,12694,437,101,0
910,22:49.5,Thread Group 1-5,POST save,3487,Success,12694,437,99,0
911,22:49.6,Thread Group 1-43,GET,3564,Success,12501,142,3564,83
912,22:48.5,Thread Group 1-99,DELETE URL,4733,Success,12694,376,1224,75
913,22:48.5,Thread Group 1-98,DELETE URL,4789,Success,12694,376,1288,79
914,22:49.9,Thread Group 1-18,POST save,3742,Success,12694,437,134,0
915,22:49.8,Thread Group 1-21,POST save,3801,Success,12694,437,174,0
916,20:53.4,Thread Group 1-47,DELETE URL,120430,Warning,601,376,344,94
917,22:50.8,Thread Group 1-44,GET,3012,Success,12501,142,3011,64
918,22:50.0,Thread Group 1-29,POST save,3853,Success,12694,437,202,76
919,22:50.0,Thread Group 1-25,POST save,3862,Success,12694,437,195,66
920,22:50.1,Thread Group 1-13,POST save,3737,Success,12694,437,179,70
921,22:50.2,Thread Group 1-16,POST save,3716,Success,12694,437,1357,68
922,22:51.5,Thread Group 1-40,GET,2418,Success,12501,142,2418,67
923,22:51.5,Thread Group 1-15,GET,2562,Success,12501,142,2562,77
924,22:51.6,Thread Group 1-1,GET,2563,Success,12501,142,2563,80
925,22:51.5,Thread Group 1-14,POST save,2887,Success,12694,437,233,87
926,22:51.6,Thread Group 1-45,GET,2942,Success,12501,142,2941,72
927,22:51.5,Thread Group 1-9,POST save,2978,Success,12694,437,237,88
928,22:48.2,Thread Group 1-94,POST send,6375,Success,12694,372,3580,89
929,22:48.2,Thread Group 1-23,POST send,6464,Success,12694,372,3580,82
930,22:48.2,Thread Group 1-36,POST send,6501,Success,12694,372,3584,88
931,20:54.4,Thread Group 1-48,DELETE URL,120475,Warning,601,376,370,82
932,22:48.3,Thread Group 1-8,POST send,6609,Success,12694,372,3597,70
933,22:51.7,Thread Group 1-26,POST save,3160,Success,12694,437,223,109
934,22:51.8,Thread Group 1-95,POST save,3199,Success,12694,437,220,91
935,22:48.3,Thread Group 1-2,POST send,6761,Success,12694,372,3712,135
936,22:52.2,Thread Group 1-31,GET,2911,Success,12501,142,2910,158
937,22:48.5,Thread Group 1-92,POST send,6762,Success,12694,372,3770,85
938,22:52.3,Thread Group 1-10,GET,2941,Success,12501,142,2941,80
939,22:48.5,Thread Group 1-24,POST send,6714,Success,12694,372,3860,69
940,22:52.4,Thread Group 1-11,GET,2875,Success,12501,142,2875,180
941,22:52.5,Thread Group 1-33,GET,2821,Success,12501,142,2821,116
942,22:52.5,Thread Group 1-30,GET,2873,Success,12501,142,2872,91
943,22:52.6,Thread Group 1-19,GET,2846,Success,12501,142,2845,69
944,22:52.6,Thread Group 1-3,GET,2960,Success,12501,142,2959,91
945,22:52.6,Thread Group 1-27,GET,3100,Success,12501,142,3099,71
946,22:52.4,Thread Group 1-42,POST save,3342,Success,12694,437,331,182
947,22:52.7,Thread Group 1-46,GET,3128,Success,12501,142,3128,70
948,22:51.5,Thread Group 1-96,DELETE URL,4278,Success,12694,376,1285,80
949,22:49.5,Thread Group 1-39,POST send,6673,Success,12694,372,3514,0
950,22:53.2,Thread Group 1-99,GET,3092,Success,12501,142,3092,69
951,22:53.3,Thread Group 1-98,GET,3076,Success,12501,142,3076,73
952,22:49.7,Thread Group 1-20,POST send,6666,Success,12694,372,3637,74
953,22:53.2,Thread Group 1-43,POST save,3240,Success,12694,437,200,81
954,22:50.0,Thread Group 1-4,POST send,6730,Success,12694,372,3708,84
955,22:53.8,Thread Group 1-47,GET,3014,Success,12501,142,3014,79
956,20:56.3,Thread Group 1-50,DELETE URL,120478,Warning,601,376,357,98
957,22:52.5,Thread Group 1-35,DELETE URL,4359,Success,12694,376,1394,148
958,22:53.8,Thread Group 1-44,POST save,3166,Success,12694,437,266,75
959,22:54.0,Thread Group 1-40,POST save,3185,Success,12694,437,242,131
960,22:54.1,Thread Group 1-15,POST save,3067,Success,12694,437,186,71
961,22:54.1,Thread Group 1-1,POST save,3107,Success,12694,437,178,68
962,22:51.5,Thread Group 1-90,POST send,5748,Success,12694,372,2695,81
963,22:51.5,Thread Group 1-37,POST send,5759,Success,12694,372,2718,80
964,20:57.0,Thread Group 1-49,DELETE URL,120418,Warning,601,376,332,70
965,22:51.7,Thread Group 1-22,POST send,5820,Success,12694,372,2879,73
966,20:57.2,Thread Group 1-51,DELETE URL,120408,Warning,601,376,320,70
967,22:54.5,Thread Group 1-45,POST save,3136,Success,12694,437,203,75
968,22:54.9,Thread Group 1-48,GET,2909,Success,12501,142,2909,69
969,22:51.8,Thread Group 1-97,POST send,5958,Success,12694,372,3032,78
970,22:51.8,Thread Group 1-38,POST send,6003,Success,12694,372,3045,84
971,22:51.9,Thread Group 1-91,POST send,6203,Success,12694,372,3131,90
972,22:52.0,Thread Group 1-7,POST send,6103,Success,12694,372,3065,66
973,22:55.1,Thread Group 1-31,POST save,3267,Success,12694,437,196,79
974,22:55.2,Thread Group 1-10,POST save,3309,Success,12694,437,205,70
975,22:55.3,Thread Group 1-11,POST save,3302,Success,12694,437,190,76
976,22:55.4,Thread Group 1-19,POST save,3157,Success,12694,437,197,74
977,22:55.3,Thread Group 1-33,POST save,3257,Success,12694,437,196,79
978,22:55.4,Thread Group 1-30,POST save,3180,Success,12694,437,197,75
979,22:52.6,Thread Group 1-28,POST send,6063,Success,12694,372,3100,71
980,22:52.6,Thread Group 1-32,POST send,6117,Success,12694,372,2970,83
981,22:55.5,Thread Group 1-3,POST save,3208,Success,12694,437,251,70
982,22:55.8,Thread Group 1-96,GET,3118,Success,12501,142,3118,75
983,20:58.5,Thread Group 1-52,DELETE URL,120461,Warning,601,376,352,83
984,22:55.7,Thread Group 1-27,POST save,3217,Success,12694,437,219,88
985,22:55.8,Thread Group 1-46,POST save,3157,Success,12694,437,178,70
986,22:52.7,Thread Group 1-12,POST send,6304,Success,12694,372,3159,70
987,22:52.9,Thread Group 1-34,POST send,6265,Success,12694,372,3133,78
988,22:52.8,Thread Group 1-41,POST send,6363,Success,12694,372,3089,70
989,22:52.9,Thread Group 1-6,POST send,6324,Success,12694,372,3132,79
990,22:54.6,Thread Group 1-94,DELETE URL,4622,Success,12694,376,1434,79
991,22:54.7,Thread Group 1-23,DELETE URL,4540,Success,12694,376,1452,96
992,22:54.7,Thread Group 1-36,DELETE URL,4565,Success,12694,376,1444,92
993,22:52.9,Thread Group 1-93,POST send,6399,Success,12694,372,3180,79
994,22:54.9,Thread Group 1-8,DELETE URL,4547,Success,12694,376,1442,74
995,22:53.0,Thread Group 1-5,POST send,6533,Success,12694,372,3306,74
996,22:53.0,Thread Group 1-100,POST send,6556,Success,12694,372,3330,83
997,22:55.1,Thread Group 1-2,DELETE URL,4533,Success,12694,376,1469,74
998,22:56.3,Thread Group 1-99,POST save,3276,Success,12694,437,204,90
999,20:59.2,Thread Group 1-53,DELETE URL,120425,Warning,601,376,329,70
1000,22:56.4,Thread Group 1-98,POST save,3327,Success,12694,437,185,73
1001,22:55.2,Thread Group 1-92,DELETE URL,4471,Success,12694,376,1411,78
1002,22:53.6,Thread Group 1-18,POST send,6176,Success,12694,372,2994,66
1003,22:55.3,Thread Group 1-24,DELETE URL,4576,Success,12694,376,1480,80
1004,22:53.6,Thread Group 1-21,POST send,6218,Success,12694,372,3114,72
1005,22:56.8,Thread Group 1-50,GET,3167,Success,12501,142,3167,67
1006,22:56.8,Thread Group 1-35,GET,3154,Success,12501,142,3154,74
1007,22:53.8,Thread Group 1-29,POST send,6252,Success,12694,372,3059,78
1008,22:53.9,Thread Group 1-25,POST send,6339,Success,12694,372,3067,77
1009,22:56.8,Thread Group 1-47,POST save,3411,Success,12694,437,202,69
1010,22:53.9,Thread Group 1-13,POST send,6363,Success,12694,372,3072,74
1011,22:53.9,Thread Group 1-16,POST send,6364,Success,12694,372,3158,186
1012,22:57.4,Thread Group 1-49,GET,3199,Success,12501,142,3199,73
1013,22:54.4,Thread Group 1-14,POST send,6176,Success,12694,372,3018,75
1014,21:00.2,Thread Group 1-54,DELETE URL,120415,Warning,601,376,323,67
1015,22:54.5,Thread Group 1-9,POST send,6138,Success,12694,372,3006,92
1016,22:56.2,Thread Group 1-39,DELETE URL,4534,Success,12694,376,1454,73
1017,22:57.6,Thread Group 1-51,GET,3155,Success,12501,142,3155,81
1018,22:56.4,Thread Group 1-20,DELETE URL,4567,Success,12694,376,1398,77
1019,22:57.8,Thread Group 1-48,POST save,3407,Success,12694,437,178,66
1020,22:54.9,Thread Group 1-26,POST send,6442,Success,12694,372,3076,76
1021,22:55.0,Thread Group 1-95,POST send,6392,Success,12694,372,3045,79
1022,22:56.7,Thread Group 1-4,DELETE URL,4824,Success,12694,376,1471,99
1023,21:01.3,Thread Group 1-55,DELETE URL,120412,Warning,601,376,316,66
1024,22:57.3,Thread Group 1-37,DELETE URL,4665,Success,12694,376,1625,67
1025,22:57.3,Thread Group 1-90,DELETE URL,4703,Success,12694,376,1636,78
1026,22:55.7,Thread Group 1-42,POST send,6526,Success,12694,372,3195,76
1027,22:58.9,Thread Group 1-52,GET,3408,Success,12501,142,3408,71
1028,22:57.5,Thread Group 1-22,DELETE URL,4859,Success,12694,376,1590,70
1029,22:58.9,Thread Group 1-96,POST save,3526,Success,12694,437,226,72
1030,22:59.2,Thread Group 1-94,GET,3333,Success,12501,142,3333,92
1031,22:59.2,Thread Group 1-23,GET,3372,Success,12501,142,3372,87
1032,22:59.3,Thread Group 1-36,GET,3378,Success,12501,142,3378,71
1033,21:02.4,Thread Group 1-56,DELETE URL,120440,Warning,601,376,357,93
1034,22:57.8,Thread Group 1-97,DELETE URL,5079,Success,12694,376,1639,70
1035,22:57.8,Thread Group 1-38,DELETE URL,5070,Success,12694,376,1671,80
1036,22:59.4,Thread Group 1-8,GET,3527,Success,12501,142,3527,75
1037,22:58.1,Thread Group 1-91,DELETE URL,4917,Success,12694,376,1587,72
1038,22:59.6,Thread Group 1-2,GET,3413,Success,12501,142,3413,74
1039,22:59.6,Thread Group 1-53,GET,3415,Success,12501,142,3415,84
1040,22:58.1,Thread Group 1-7,DELETE URL,4936,Success,12694,376,1648,71
1041,22:59.7,Thread Group 1-92,GET,3420,Success,12501,142,3420,66
1042,22:56.4,Thread Group 1-43,POST send,6729,Success,12694,372,3278,70
1043,22:59.8,Thread Group 1-24,GET,3521,Success,12501,142,3521,99
1044,23:00.0,Thread Group 1-35,POST save,3410,Success,12694,437,235,68
1045,23:00.0,Thread Group 1-50,POST save,3443,Success,12694,437,274,74
1046,22:58.7,Thread Group 1-32,DELETE URL,4777,Success,12694,376,1530,86
1047,22:58.7,Thread Group 1-28,DELETE URL,4832,Success,12694,376,1538,68
1048,22:57.0,Thread Group 1-44,POST send,6588,Success,12694,372,3289,74
1049,21:03.3,Thread Group 1-57,DELETE URL,120426,Warning,601,376,332,84
1050,22:57.1,Thread Group 1-40,POST send,6582,Success,12694,372,3153,78
1051,22:57.2,Thread Group 1-15,POST send,6647,Success,12694,372,3211,67
1052,22:59.0,Thread Group 1-12,DELETE URL,4851,Success,12694,376,1587,70
1053,22:57.2,Thread Group 1-1,POST send,6747,Success,12694,372,3311,75
1054,22:59.1,Thread Group 1-34,DELETE URL,4928,Success,12694,376,1588,70
1055,23:00.6,Thread Group 1-54,GET,3429,Success,12501,142,3429,84
1056,23:00.6,Thread Group 1-49,POST save,3511,Success,12694,437,187,70
1057,22:59.2,Thread Group 1-41,DELETE URL,4929,Success,12694,376,1580,87
1058,23:00.7,Thread Group 1-39,GET,3454,Success,12501,142,3453,73
1059,22:59.2,Thread Group 1-6,DELETE URL,4997,Success,12694,376,1603,78
1060,22:59.3,Thread Group 1-93,DELETE URL,4952,Success,12694,376,1553,84
1061,23:00.7,Thread Group 1-51,POST save,3604,Success,12694,437,182,67
1062,22:59.5,Thread Group 1-5,DELETE URL,4856,Success,12694,376,1517,84
1063,23:01.0,Thread Group 1-20,GET,3543,Success,12501,142,3543,167
1064,22:59.5,Thread Group 1-100,DELETE URL,5081,Success,12694,376,1649,79
1065,22:57.7,Thread Group 1-45,POST send,6951,Success,12694,372,3334,75
1066,22:59.8,Thread Group 1-18,DELETE URL,4926,Success,12694,376,1593,73
1067,22:59.8,Thread Group 1-21,DELETE URL,4877,Success,12694,376,1586,90
1068,23:01.6,Thread Group 1-4,GET,3287,Success,12501,142,3287,68
1069,23:00.1,Thread Group 1-29,DELETE URL,4807,Success,12694,376,1540,113
1070,21:04.5,Thread Group 1-58,DELETE URL,120418,Warning,601,376,315,67
1071,22:58.4,Thread Group 1-31,POST send,6610,Success,12694,372,3280,158
1072,23:00.2,Thread Group 1-25,DELETE URL,4900,Success,12694,376,1595,71
1073,23:00.2,Thread Group 1-13,DELETE URL,4908,Success,12694,376,1587,78
1074,23:01.8,Thread Group 1-55,GET,3398,Success,12501,142,3397,78
1075,21:05.2,Thread Group 1-59,DELETE URL,120421,Warning,601,376,334,68
1076,21:05.8,Thread Group 1-17,POST send,120180,Warning,408,230,120180,71
1077,21:06.2,Thread Group 1-60,DELETE URL,120411,Warning,601,376,323,68
1078,21:07.2,Thread Group 1-61,DELETE URL,120558,Warning,601,376,336,80
1079,21:08.3,Thread Group 1-62,DELETE URL,120564,Warning,601,376,326,74
1080,23:04.0,Thread Group 1-1,DELETE URL,5412,Success,12694,376,1717,72
1081,21:09.6,Thread Group 1-63,DELETE URL,120727,Warning,601,376,321,80
1082,21:10.1,Thread Group 1-64,DELETE URL,120406,Warning,601,376,319,68
1083,21:11.2,Thread Group 1-65,DELETE URL,120526,Warning,601,376,337,86
1084,23:00.3,Thread Group 1-16,DELETE URL,12009,Success,12694,376,1641,78
1085,22:58.6,Thread Group 1-19,POST send,13702,Success,12694,372,3280,87
1086,21:12.1,Thread Group 1-66,DELETE URL,120748,Warning,601,376,437,71
1087,21:13.3,Thread Group 1-67,DELETE URL,120754,Warning,601,376,324,69
1088,21:14.3,Thread Group 1-68,DELETE URL,120832,Warning,601,376,433,93
1089,21:15.6,Thread Group 1-69,DELETE URL,120521,Warning,601,376,404,145
1090,21:16.3,Thread Group 1-70,DELETE URL,120465,Warning,601,376,326,70
1091,21:17.4,Thread Group 1-71,DELETE URL,120937,Warning,601,376,333,71
1092,21:18.1,Thread Group 1-72,DELETE URL,120445,Warning,601,376,358,70
1093,21:19.4,Thread Group 1-73,DELETE URL,120523,Warning,601,376,341,74
1094,21:20.2,Thread Group 1-74,DELETE URL,120729,Warning,601,376,330,77
1095,21:21.2,Thread Group 1-75,DELETE URL,120723,Warning,601,376,334,85
1096,21:22.3,Thread Group 1-76,DELETE URL,120554,Warning,601,376,315,65
1097,21:23.6,Thread Group 1-77,DELETE URL,120527,Warning,601,376,340,83
1098,21:24.1,Thread Group 1-78,DELETE URL,120591,Warning,601,376,326,73
1099,21:25.2,Thread Group 1-79,DELETE URL,120497,Warning,601,376,315,66
1100,21:26.5,Thread Group 1-80,DELETE URL,120439,Warning,601,376,346,88
1101,21:27.2,Thread Group 1-81,DELETE URL,120463,Warning,601,376,320,72
1102,21:28.3,Thread Group 1-82,DELETE URL,120727,Warning,601,376,334,86
1103,21:29.2,Thread Group 1-83,DELETE URL,120656,Warning,601,376,388,70
1104,21:30.3,Thread Group 1-84,DELETE URL,120524,Warning,601,376,316,69
1105,21:31.5,Thread Group 1-85,DELETE URL,120500,Warning,601,376,340,85
1106,21:32.4,Thread Group 1-86,DELETE URL,120732,Warning,601,376,354,108
1107,21:33.3,Thread Group 1-87,DELETE URL,120435,Warning,601,376,339,69
1108,21:34.1,Thread Group 1-88,DELETE URL,120594,Warning,601,376,314,66
1109,21:35.5,Thread Group 1-89,DELETE URL,120728,Warning,601,376,327,66
1110,23:06.6,Thread Group 1-60,GET,72127,Warning,2556,0,0,72
1111,22:59.6,Thread Group 1-99,POST send,79168,Warning,3245,230,3463,72
1112,23:03.7,Thread Group 1-40,DELETE URL,75047,Warning,3245,234,1726,78
1113,23:16.1,Thread Group 1-69,GET,62679,Warning,2556,0,0,168
1114,23:03.5,Thread Group 1-28,GET,75227,Warning,2556,0,0,78
1115,23:04.5,Thread Group 1-20,POST save,74257,Warning,3245,295,198,76
1116,23:04.1,Thread Group 1-41,GET,74669,Warning,2556,0,0,72
1117,23:22.9,Thread Group 1-76,GET,55918,Warning,2556,0,0,80
1118,23:18.4,Thread Group 1-71,GET,60419,Warning,2556,0,0,83
1119,23:14.0,Thread Group 1-67,GET,64751,Warning,2556,0,0,72
1120,23:05.1,Thread Group 1-25,GET,73697,Warning,2556,0,0,67
1121,23:04.1,Thread Group 1-49,POST send,74709,Warning,2556,0,0,73
1122,23:02.9,Thread Group 1-38,GET,75884,Warning,2556,0,0,73
1123,23:11.7,Thread Group 1-65,GET,67091,Warning,2556,0,0,89
1124,23:09.4,Thread Group 1-1,GET,69401,Warning,2556,0,0,75
1125,23:04.1,Thread Group 1-34,GET,74757,Warning,2556,0,0,69
1126,23:03.8,Thread Group 1-15,DELETE URL,74990,Warning,3245,234,1682,75
1127,22:58.6,Thread Group 1-33,POST send,80231,Warning,3245,230,3368,83
1128,23:01.4,Thread Group 1-95,DELETE URL,77459,Warning,3245,234,1707,74
1129,23:03.0,Thread Group 1-53,POST save,75797,Warning,3245,295,176,72
1130,23:02.0,Thread Group 1-37,GET,76855,Warning,2556,0,0,74
1131,23:02.6,Thread Group 1-23,POST save,76238,Warning,3245,295,192,82
1132,23:03.2,Thread Group 1-43,DELETE URL,75646,Warning,3245,234,1800,160
1133,23:02.6,Thread Group 1-36,POST save,76181,Warning,3245,295,231,71
1134,23:04.8,Thread Group 1-4,POST save,73989,Warning,3245,295,208,104
1135,23:03.6,Thread Group 1-44,DELETE URL,75250,Warning,3245,234,1748,77
1136,23:02.8,Thread Group 1-56,GET,76026,Warning,2556,0,0,152
1137,23:02.4,Thread Group 1-22,GET,76422,Warning,2556,0,0,171
1138,23:08.8,Thread Group 1-62,GET,70007,Warning,2556,0,0,70
1139,23:03.7,Thread Group 1-57,GET,75118,Warning,2556,0,0,81
1140,23:29.0,Thread Group 1-82,GET,49836,Warning,2556,0,0,111
1141,23:27.7,Thread Group 1-81,GET,51168,Warning,2556,0,0,86
1142,23:05.2,Thread Group 1-55,POST save,73687,Warning,3245,295,190,76
1143,23:03.4,Thread Group 1-50,POST send,75424,Warning,2556,0,0,72
1144,23:04.7,Thread Group 1-18,GET,74136,Warning,2556,0,0,79
1145,23:04.9,Thread Group 1-29,GET,73945,Warning,2556,0,0,74
1146,23:07.7,Thread Group 1-61,GET,71107,Warning,2556,0,0,82
1147,22:58.6,Thread Group 1-11,POST send,80274,Warning,3245,230,3302,84
1148,23:10.5,Thread Group 1-64,GET,68386,Warning,2556,0,0,71
1149,23:19.9,Thread Group 1-73,GET,58962,Warning,2556,0,0,73
1150,23:04.7,Thread Group 1-21,GET,74132,Warning,2556,0,0,105
1151,23:04.4,Thread Group 1-5,GET,74489,Warning,2556,0,0,79
1152,23:05.1,Thread Group 1-13,GET,73704,Warning,2556,0,0,70
1153,23:36.3,Thread Group 1-89,GET,42581,Warning,2556,0,0,71
1154,23:04.1,Thread Group 1-54,POST save,74790,Warning,3245,295,209,89
1155,23:05.6,Thread Group 1-59,GET,73218,Warning,2556,0,0,73
1156,23:01.2,Thread Group 1-48,POST send,77681,Warning,3245,230,3580,161
1157,23:16.7,Thread Group 1-70,GET,62123,Warning,2556,0,0,88
1158,23:03.8,Thread Group 1-12,GET,75010,Warning,2556,0,0,70
1159,23:00.6,Thread Group 1-14,DELETE URL,78247,Warning,3245,234,1747,108
1160,23:03.4,Thread Group 1-24,POST save,75502,Warning,3245,295,185,71
1161,22:58.6,Thread Group 1-10,POST send,80296,Warning,3245,230,3417,95
1162,23:03.1,Thread Group 1-92,POST save,75720,Warning,3245,295,265,152
1163,23:04.9,Thread Group 1-58,GET,73924,Warning,2556,0,0,77
1164,23:34.7,Thread Group 1-88,GET,44123,Warning,2556,0,0,81
1165,23:27.0,Thread Group 1-80,GET,51887,Warning,2556,0,0,70
1166,22:58.9,Thread Group 1-46,POST send,79912,Warning,3245,230,3535,84
1167,23:24.1,Thread Group 1-77,GET,54769,Warning,2556,0,0,87
1168,23:04.3,Thread Group 1-51,POST send,74528,Warning,2556,0,0,73
1169,23:04.2,Thread Group 1-6,GET,74670,Warning,2556,0,0,74
1170,23:01.3,Thread Group 1-26,DELETE URL,77511,Warning,3245,234,1695,69
1171,23:33.1,Thread Group 1-86,GET,45760,Warning,2556,0,0,83
1172,23:03.0,Thread Group 1-2,POST save,75862,Warning,3245,295,180,69
1173,23:18.5,Thread Group 1-72,GET,60314,Warning,2556,0,0,71
1174,23:25.7,Thread Group 1-79,GET,53164,Warning,2556,0,0,75
1175,23:04.3,Thread Group 1-93,GET,74565,Warning,2556,0,0,77
1176,22:59.7,Thread Group 1-98,POST send,79162,Warning,3245,230,3493,76
1177,23:10.4,Thread Group 1-63,GET,68500,Warning,2556,0,0,72
1178,23:02.0,Thread Group 1-90,GET,76868,Warning,2556,0,0,69
1179,23:02.3,Thread Group 1-42,DELETE URL,76606,Warning,3245,234,1665,78
1180,23:00.7,Thread Group 1-9,DELETE URL,78205,Warning,3245,234,1756,76
1181,23:30.8,Thread Group 1-84,GET,48022,Warning,2556,0,0,216
1182,23:04.6,Thread Group 1-100,GET,74274,Warning,2556,0,0,75
1183,23:02.3,Thread Group 1-52,POST save,76521,Warning,3245,295,251,119
1184,23:02.9,Thread Group 1-97,GET,76002,Warning,2556,0,0,111
1185,23:20.9,Thread Group 1-74,GET,57958,Warning,2556,0,0,72
1186,22:58.7,Thread Group 1-3,POST send,80148,Warning,3245,230,3232,86
1187,23:05.9,Thread Group 1-17,DELETE URL,72938,Warning,3245,234,1461,75
1188,22:58.6,Thread Group 1-30,POST send,80289,Warning,3245,230,3308,87
1189,23:00.2,Thread Group 1-47,POST send,78661,Warning,3245,230,3410,87
1190,23:12.3,Thread Group 1-16,GET,66600,Warning,2556,0,0,76
1191,23:29.9,Thread Group 1-83,GET,49023,Warning,2556,0,0,73
1192,23:04.2,Thread Group 1-39,POST save,74716,Warning,3245,295,214,75
1193,23:03.0,Thread Group 1-91,GET,75890,Warning,2556,0,0,80
1194,23:03.4,Thread Group 1-35,POST send,75477,Warning,2556,0,0,71
1195,23:33.7,Thread Group 1-87,GET,45175,Warning,2556,0,0,81
1196,23:12.3,Thread Group 1-19,DELETE URL,66589,Warning,3245,234,603,74
1197,23:32.0,Thread Group 1-85,GET,46923,Warning,2556,0,0,94
1198,23:05.0,Thread Group 1-31,DELETE URL,73858,Warning,3245,234,1718,83
1199,23:15.2,Thread Group 1-68,GET,63699,Warning,2556,0,0,86
1200,23:02.5,Thread Group 1-94,POST save,76347,Warning,3245,295,175,67
1201,23:24.7,Thread Group 1-78,GET,54140,Warning,2556,0,0,74
1202,23:03.5,Thread Group 1-32,GET,75384,Warning,2556,0,0,76
1203,23:03.0,Thread Group 1-8,POST save,75918,Warning,3245,295,203,81
1204,23:02.5,Thread Group 1-96,POST send,76416,Warning,2556,0,0,118
1205,22:58.9,Thread Group 1-27,POST send,79944,Warning,3245,230,3420,72
1206,23:12.9,Thread Group 1-66,GET,65991,Warning,2556,0,0,83
1207,23:21.9,Thread Group 1-75,GET,56946,Warning,2556,0,0,96
1208,23:03.0,Thread Group 1-7,GET,75848,Warning,2556,0,0,69
1209,23:04.6,Thread Group 1-45,DELETE URL,74278,Warning,3245,234,1766,76
